
 RUN  v4.1.10 /home/runner/workspace/artifacts/api-server

···········[03:28:37.864] [32mINFO[39m (9329): [36mrequest completed[39m
    [35mreq[39m: {
      "id": 1,
      "method": "POST",
      "url": "/api/ai/chat"
    }
    [35mres[39m: {
      "statusCode": 400
    }
    [35mresponseTime[39m: 32
[03:28:37.870] [32mINFO[39m (9329): [36mrequest completed[39m
    [35mreq[39m: {
      "id": 2,
      "method": "POST",
      "url": "/api/ai/chat"
    }
    [35mres[39m: {
      "statusCode": 403
    }
    [35mresponseTime[39m: 0
[03:28:37.875] [32mINFO[39m (9329): [36mrequest completed[39m
    [35mreq[39m: {
      "id": 3,
      "method": "POST",
      "url": "/api/ai/chat"
    }
    [35mres[39m: {
      "statusCode": 400
    }
    [35mresponseTime[39m: 1
[03:28:37.883] [32mINFO[39m (9329): [36mrequest completed[39m
    [35mreq[39m: {
      "id": 4,
      "method": "POST",
      "url": "/api/ai/chat"
    }
    [35mres[39m: {
      "statusCode": 400
    }
    [35mresponseTime[39m: 4
[03:28:37.890] [32mINFO[39m (9329): [36mrequest completed[39m
    [35mreq[39m: {
      "id": 5,
      "method": "POST",
      "url": "/api/ai/chat"
    }
    [35mres[39m: {
      "statusCode": 400
    }
    [35mresponseTime[39m: 1
[03:28:37.966] [33mWARN[39m (9329): [36mproject rootPath is inaccessible — file tools disabled[39m
    [35mscope[39m: "rootpath-validator"
    [35mcode[39m: "ROOTPATH_NOT_ACCESSIBLE"
    [35mprojectId[39m: "d06fc347-7d23-4022-bb69-fa903eebdb9f"
    [35mrootPath[39m: "/tmp/ai-test-d06fc347-7d23-4022-bb69-fa903eebdb9f"
[03:28:37.974] [32mINFO[39m (9329): [36mprovider selection complete (quality-ordered)[39m
    [35mscope[39m: "provider-selection"
    [35maction[39m: "collect_available_providers"
    [35mqualityProfile[39m: "chat"
    [35mrequireTools[39m: false
    [35mavailable[39m: [
      "openrouter",
      "groq"
    ]
    [35mskipped[39m: [
      {
        "provider": "gemini",
        "reason": "no_api_key"
      },
      {
        "provider": "deepseek",
        "reason": "no_api_key"
      }
    ]
    [35mfinalOrder[39m: [
      "openrouter",
      "groq"
    ]
[03:28:37.974] [32mINFO[39m (9329): [36mresolved primary provider: openrouter[39m
    [35mscope[39m: "provider-selection"
    [35maction[39m: "resolve_provider"
    [35mselected[39m: "openrouter"
    [35mrequireTools[39m: false
    [35mqualityProfile[39m: "chat"
[03:28:37.974] [32mINFO[39m (9329): [36mchat: dispatching chatWithFallback[39m
    [35mscope[39m: "chat-route"
    [35maction[39m: "pre_chat_trace"
    [35mprovider[39m: "openrouter"
    [35msessionId[39m: null
    [35mprojectId[39m: "d06fc347-7d23-4022-bb69-fa903eebdb9f"
    [35mlinkedTaskId[39m: null
    [35mtaskLoaded[39m: false
    [35mpromptMode[39m: "chat"
    [35mmessageCount[39m: 0
    [35mturnIntent[39m: "CHAT"
    [35mrequireTools[39m: false
    [35mrequiresEvidence[39m: false
    [35mqualityProfile[39m: "chat"
    [35mexecutionHandoff[39m: {
      "requested": false,
      "sessionId": null,
      "historyMessageCount": 0,
      "repairPlanCandidateCount": 0
    }
[03:28:37.978] [32mINFO[39m (9329): [36mprovider selection complete (quality-ordered)[39m
    [35mscope[39m: "provider-selection"
    [35maction[39m: "collect_available_providers"
    [35mqualityProfile[39m: "chat"
    [35mrequireTools[39m: false
    [35mavailable[39m: [
      "openrouter",
      "groq"
    ]
    [35mskipped[39m: [
      {
        "provider": "gemini",
        "reason": "no_api_key"
      },
      {
        "provider": "deepseek",
        "reason": "no_api_key"
      }
    ]
    [35mfinalOrder[39m: [
      "openrouter",
      "groq"
    ]
[03:28:37.979] [31mERROR[39m (9329): [36mAI orchestrator request failed[39m
    [35mprojectId[39m: "d06fc347-7d23-4022-bb69-fa903eebdb9f"
    [35moperation[39m: "chat"
    [35mprovider[39m: "openrouter"
    err: {
      "type": "GroqClientError",
      "message": "provider catalog failure: OpenRouter request sk-or-v1-test-secret failed at /srv/provider/catalog.ts",
      "stack":
          GroqClientError: provider catalog failure: OpenRouter request sk-or-v1-test-secret failed at /srv/provider/catalog.ts
              at /home/runner/workspace/artifacts/api-server/src/routes/ai.test.ts:738:7
              at processTicksAndRejections (node:internal/process/task_queues:95:5)
              at file:///home/runner/workspace/node_modules/.pnpm/@vitest+runner@4.1.10/node_modules/@vitest/runner/dist/chunk-artifact.js:1903:20
      "code": "INVALID_CONFIG",
      "providerCode": "NO_COMPATIBLE_FREE_MODEL",
      "catalogStatus": "failed",
      "catalogError": "OpenRouter request sk-or-v1-test-secret failed at /srv/provider/catalog.ts",
      "name": "GroqClientError"
    }
[03:28:37.980] [32mINFO[39m (9329): [36mrequest errored[39m
    [35mreq[39m: {
      "id": 6,
      "method": "POST",
      "url": "/api/ai/chat"
    }
    [35mres[39m: {
      "statusCode": 503
    }
    [35mresponseTime[39m: 27
    err: {
      "type": "Error",
      "message": "failed with status code 503",
      "stack":
          Error: failed with status code 503
              at onResFinished (/home/runner/workspace/node_modules/.pnpm/pino-http@10.5.0/node_modules/pino-http/logger.js:115:39)
              at ServerResponse.onResponseComplete (/home/runner/workspace/node_modules/.pnpm/pino-http@10.5.0/node_modules/pino-http/logger.js:178:14)
              at ServerResponse.emit (node:events:536:35)
              at onFinish (node:_http_outgoing:1031:10)
              at callback (node:internal/streams/writable:766:21)
              at afterWrite (node:internal/streams/writable:710:5)
              at afterWriteTick (node:internal/streams/writable:696:10)
              at processTicksAndRejections (node:internal/process/task_queues:81:21)
    }
[03:28:38.034] [33mWARN[39m (9329): [36mproject rootPath is inaccessible — file tools disabled[39m
    [35mscope[39m: "rootpath-validator"
    [35mcode[39m: "ROOTPATH_NOT_ACCESSIBLE"
    [35mprojectId[39m: "d979d132-5908-4e3a-991e-335bfe290048"
    [35mrootPath[39m: "/tmp/ai-test-d979d132-5908-4e3a-991e-335bfe290048"
[03:28:38.038] [32mINFO[39m (9329): [36mprovider selection complete (quality-ordered)[39m
    [35mscope[39m: "provider-selection"
    [35maction[39m: "collect_available_providers"
    [35mqualityProfile[39m: "chat"
    [35mrequireTools[39m: false
    [35mavailable[39m: [
      "openrouter",
      "groq"
    ]
    [35mskipped[39m: [
      {
        "provider": "gemini",
        "reason": "no_api_key"
      },
      {
        "provider": "deepseek",
        "reason": "no_api_key"
      }
    ]
    [35mfinalOrder[39m: [
      "openrouter",
      "groq"
    ]
[03:28:38.038] [32mINFO[39m (9329): [36mresolved primary provider: openrouter[39m
    [35mscope[39m: "provider-selection"
    [35maction[39m: "resolve_provider"
    [35mselected[39m: "openrouter"
    [35mrequireTools[39m: false
    [35mqualityProfile[39m: "chat"
[03:28:38.038] [32mINFO[39m (9329): [36mchat: dispatching chatWithFallback[39m
    [35mscope[39m: "chat-route"
    [35maction[39m: "pre_chat_trace"
    [35mprovider[39m: "openrouter"
    [35msessionId[39m: null
    [35mprojectId[39m: "d979d132-5908-4e3a-991e-335bfe290048"
    [35mlinkedTaskId[39m: null
    [35mtaskLoaded[39m: false
    [35mpromptMode[39m: "chat"
    [35mmessageCount[39m: 0
    [35mturnIntent[39m: "CHAT"
    [35mrequireTools[39m: false
    [35mrequiresEvidence[39m: false
    [35mqualityProfile[39m: "chat"
    [35mexecutionHandoff[39m: {
      "requested": false,
      "sessionId": null,
      "historyMessageCount": 0,
      "repairPlanCandidateCount": 0
    }
[03:28:38.045] [32mINFO[39m (9329): [36mprovider selection complete (quality-ordered)[39m
    [35mscope[39m: "provider-selection"
    [35maction[39m: "collect_available_providers"
    [35mqualityProfile[39m: "chat"
    [35mrequireTools[39m: false
    [35mavailable[39m: [
      "openrouter",
      "groq"
    ]
    [35mskipped[39m: [
      {
        "provider": "gemini",
        "reason": "no_api_key"
      },
      {
        "provider": "deepseek",
        "reason": "no_api_key"
      }
    ]
    [35mfinalOrder[39m: [
      "openrouter",
      "groq"
    ]
[03:28:38.045] [31mERROR[39m (9329): [36mAI orchestrator request failed[39m
    [35mprojectId[39m: "d979d132-5908-4e3a-991e-335bfe290048"
    [35moperation[39m: "chat"
    [35mprovider[39m: "openrouter"
    err: {
      "type": "GroqClientError",
      "message": "provider catalog failure: OpenRouter request sk-or-v1-test-secret failed at /srv/provider/catalog.ts",
      "stack":
          GroqClientError: provider catalog failure: OpenRouter request sk-or-v1-test-secret failed at /srv/provider/catalog.ts
              at /home/runner/workspace/artifacts/api-server/src/routes/ai.test.ts:738:7
              at processTicksAndRejections (node:internal/process/task_queues:95:5)
              at file:///home/runner/workspace/node_modules/.pnpm/@vitest+runner@4.1.10/node_modules/@vitest/runner/dist/chunk-artifact.js:1903:20
      "code": "INVALID_CONFIG",
      "providerCode": "STALE_CONFIGURED_MODEL",
      "catalogStatus": "success",
      "catalogError": "OpenRouter request sk-or-v1-test-secret failed at /srv/provider/catalog.ts",
      "name": "GroqClientError"
    }
[03:28:38.046] [32mINFO[39m (9329): [36mrequest completed[39m
    [35mreq[39m: {
      "id": 7,
      "method": "POST",
      "url": "/api/ai/chat"
    }
    [35mres[39m: {
      "statusCode": 422
    }
    [35mresponseTime[39m: 21
[03:28:38.078] [33mWARN[39m (9329): [36mproject rootPath is inaccessible — file tools disabled[39m
    [35mscope[39m: "rootpath-validator"
    [35mcode[39m: "ROOTPATH_NOT_ACCESSIBLE"
    [35mprojectId[39m: "f3dc9ca8-ede7-416c-b5e2-2ffa9a63c334"
    [35mrootPath[39m: "/tmp/ai-test-f3dc9ca8-ede7-416c-b5e2-2ffa9a63c334"
[03:28:38.081] [32mINFO[39m (9329): [36mprovider selection complete (quality-ordered)[39m
    [35mscope[39m: "provider-selection"
    [35maction[39m: "collect_available_providers"
    [35mqualityProfile[39m: "chat"
    [35mrequireTools[39m: false
    [35mavailable[39m: [
      "openrouter",
      "groq"
    ]
    [35mskipped[39m: [
      {
        "provider": "gemini",
        "reason": "no_api_key"
      },
      {
        "provider": "deepseek",
        "reason": "no_api_key"
      }
    ]
    [35mfinalOrder[39m: [
      "openrouter",
      "groq"
    ]
[03:28:38.081] [32mINFO[39m (9329): [36mresolved primary provider: openrouter[39m
    [35mscope[39m: "provider-selection"
    [35maction[39m: "resolve_provider"
    [35mselected[39m: "openrouter"
    [35mrequireTools[39m: false
    [35mqualityProfile[39m: "chat"
[03:28:38.081] [32mINFO[39m (9329): [36mchat: dispatching chatWithFallback[39m
    [35mscope[39m: "chat-route"
    [35maction[39m: "pre_chat_trace"
    [35mprovider[39m: "openrouter"
    [35msessionId[39m: null
    [35mprojectId[39m: "f3dc9ca8-ede7-416c-b5e2-2ffa9a63c334"
    [35mlinkedTaskId[39m: null
    [35mtaskLoaded[39m: false
    [35mpromptMode[39m: "chat"
    [35mmessageCount[39m: 0
    [35mturnIntent[39m: "CHAT"
    [35mrequireTools[39m: false
    [35mrequiresEvidence[39m: false
    [35mqualityProfile[39m: "chat"
    [35mexecutionHandoff[39m: {
      "requested": false,
      "sessionId": null,
      "historyMessageCount": 0,
      "repairPlanCandidateCount": 0
    }
[03:28:38.084] [32mINFO[39m (9329): [36mprovider selection complete (quality-ordered)[39m
    [35mscope[39m: "provider-selection"
    [35maction[39m: "collect_available_providers"
    [35mqualityProfile[39m: "chat"
    [35mrequireTools[39m: false
    [35mavailable[39m: [
      "openrouter",
      "groq"
    ]
    [35mskipped[39m: [
      {
        "provider": "gemini",
        "reason": "no_api_key"
      },
      {
        "provider": "deepseek",
        "reason": "no_api_key"
      }
    ]
    [35mfinalOrder[39m: [
      "openrouter",
      "groq"
    ]
[03:28:38.084] [31mERROR[39m (9329): [36mAI orchestrator request failed[39m
    [35mprojectId[39m: "f3dc9ca8-ede7-416c-b5e2-2ffa9a63c334"
    [35moperation[39m: "chat"
    [35mprovider[39m: "openrouter"
    err: {
      "type": "GroqClientError",
      "message": "provider catalog failure: OpenRouter request sk-or-v1-test-secret failed at /srv/provider/catalog.ts",
      "stack":
          GroqClientError: provider catalog failure: OpenRouter request sk-or-v1-test-secret failed at /srv/provider/catalog.ts
              at /home/runner/workspace/artifacts/api-server/src/routes/ai.test.ts:738:7
              at processTicksAndRejections (node:internal/process/task_queues:95:5)
              at file:///home/runner/workspace/node_modules/.pnpm/@vitest+runner@4.1.10/node_modules/@vitest/runner/dist/chunk-artifact.js:1903:20
      "code": "INVALID_CONFIG",
      "providerCode": "NO_COMPATIBLE_FREE_MODEL",
      "catalogStatus": "success",
      "catalogError": "OpenRouter request sk-or-v1-test-secret failed at /srv/provider/catalog.ts",
      "name": "GroqClientError"
    }
[03:28:38.085] [32mINFO[39m (9329): [36mrequest errored[39m
    [35mreq[39m: {
      "id": 8,
      "method": "POST",
      "url": "/api/ai/chat"
    }
    [35mres[39m: {
      "statusCode": 503
    }
    [35mresponseTime[39m: 15
    err: {
      "type": "Error",
      "message": "failed with status code 503",
      "stack":
          Error: failed with status code 503
              at onResFinished (/home/runner/workspace/node_modules/.pnpm/pino-http@10.5.0/node_modules/pino-http/logger.js:115:39)
              at ServerResponse.onResponseComplete (/home/runner/workspace/node_modules/.pnpm/pino-http@10.5.0/node_modules/pino-http/logger.js:178:14)
              at ServerResponse.emit (node:events:536:35)
              at onFinish (node:_http_outgoing:1031:10)
              at callback (node:internal/streams/writable:766:21)
              at afterWrite (node:internal/streams/writable:710:5)
              at afterWriteTick (node:internal/streams/writable:696:10)
              at processTicksAndRejections (node:internal/process/task_queues:81:21)
    }
[03:28:38.106] [32mINFO[39m (9329): [36mrequest completed[39m
    [35mreq[39m: {
      "id": 9,
      "method": "POST",
      "url": "/api/ai/chat/apply-changes"
    }
    [35mres[39m: {
      "statusCode": 400
    }
    [35mresponseTime[39m: 3
····[03:28:38.129] [32mINFO[39m (9329): [36mrequest completed[39m
    [35mreq[39m: {
      "id": 10,
      "method": "GET",
      "url": "/api/ai/chat/6088609e-c643-496b-886e-6691ba93e577/pending-proposal"
    }
    [35mres[39m: {
      "statusCode": 200
    }
    [35mresponseTime[39m: 6
[03:28:38.161] [32mINFO[39m (9329): [36mrequest completed[39m
    [35mreq[39m: {
      "id": 11,
      "method": "POST",
      "url": "/api/ai/chat/apply-changes"
    }
    [35mres[39m: {
      "statusCode": 409
    }
    [35mresponseTime[39m: 3
··[03:28:40.875] [32mINFO[39m (9329): [36mrequest completed[39m
    [35mreq[39m: {
      "id": 12,
      "method": "POST",
      "url": "/api/ai/chat/apply-changes"
    }
    [35mres[39m: {
      "statusCode": 207
    }
    [35mresponseTime[39m: 2687
···············[03:28:42.569] [32mINFO[39m (9329): [36mrequest completed[39m
    [35mreq[39m: {
      "id": 13,
      "method": "POST",
      "url": "/api/ai/chat/apply-changes"
    }
    [35mres[39m: {
      "statusCode": 207
    }
    [35mresponseTime[39m: 1689
[03:28:42.608] [33mWARN[39m (9329): [36mproject rootPath is inaccessible — file tools disabled[39m
    [35mscope[39m: "rootpath-validator"
    [35mcode[39m: "ROOTPATH_NOT_ACCESSIBLE"
    [35mprojectId[39m: "34d42161-c9e8-4da6-b1ec-c4b563a3fcdb"
    [35mrootPath[39m: "/tmp/ai-test-34d42161-c9e8-4da6-b1ec-c4b563a3fcdb"
[03:28:42.611] [32mINFO[39m (9329): [36mprovider selection complete (quality-ordered)[39m
    [35mscope[39m: "provider-selection"
    [35maction[39m: "collect_available_providers"
    [35mqualityProfile[39m: "tool_chat"
    [35mrequireTools[39m: false
    [35mavailable[39m: [
      "openrouter",
      "groq"
    ]
    [35mskipped[39m: [
      {
        "provider": "gemini",
        "reason": "no_api_key"
      },
      {
        "provider": "deepseek",
        "reason": "no_api_key"
      }
    ]
    [35mfinalOrder[39m: [
      "openrouter",
      "groq"
    ]
[03:28:42.611] [32mINFO[39m (9329): [36mresolved primary provider: openrouter[39m
    [35mscope[39m: "provider-selection"
    [35maction[39m: "resolve_provider"
    [35mselected[39m: "openrouter"
    [35mrequireTools[39m: false
    [35mqualityProfile[39m: "tool_chat"
[03:28:42.611] [32mINFO[39m (9329): [36mchat: dispatching chatWithFallback[39m
    [35mscope[39m: "chat-route"
    [35maction[39m: "pre_chat_trace"
    [35mprovider[39m: "openrouter"
    [35msessionId[39m: null
    [35mprojectId[39m: "34d42161-c9e8-4da6-b1ec-c4b563a3fcdb"
    [35mlinkedTaskId[39m: null
    [35mtaskLoaded[39m: false
    [35mpromptMode[39m: "chat"
    [35mmessageCount[39m: 0
    [35mturnIntent[39m: "PROJECT_QUERY"
    [35mrequireTools[39m: false
    [35mrequiresEvidence[39m: false
    [35mqualityProfile[39m: "tool_chat"
    [35mexecutionHandoff[39m: {
      "requested": false,
      "sessionId": null,
      "historyMessageCount": 0,
      "repairPlanCandidateCount": 0
    }
[03:28:42.614] [32mINFO[39m (9329): [36mprovider selection complete (quality-ordered)[39m
    [35mscope[39m: "provider-selection"
    [35maction[39m: "collect_available_providers"
    [35mqualityProfile[39m: "tool_chat"
    [35mrequireTools[39m: false
    [35mavailable[39m: [
      "openrouter",
      "groq"
    ]
    [35mskipped[39m: [
      {
        "provider": "gemini",
        "reason": "no_api_key"
      },
      {
        "provider": "deepseek",
        "reason": "no_api_key"
      }
    ]
    [35mfinalOrder[39m: [
      "openrouter",
      "groq"
    ]
[03:28:42.623] [32mINFO[39m (9329): [36mrequest completed[39m
    [35mreq[39m: {
      "id": 14,
      "method": "POST",
      "url": "/api/ai/chat"
    }
    [35mres[39m: {
      "statusCode": 200
    }
    [35mresponseTime[39m: 20
[03:28:42.648] [33mWARN[39m (9329): [36mproject rootPath is inaccessible — file tools disabled[39m
    [35mscope[39m: "rootpath-validator"
    [35mcode[39m: "ROOTPATH_NOT_ACCESSIBLE"
    [35mprojectId[39m: "494d9078-c82c-4887-bca1-ae4f56db66fe"
    [35mrootPath[39m: "/tmp/ai-test-494d9078-c82c-4887-bca1-ae4f56db66fe"
[03:28:42.650] [32mINFO[39m (9329): [36mprovider selection complete (quality-ordered)[39m
    [35mscope[39m: "provider-selection"
    [35maction[39m: "collect_available_providers"
    [35mqualityProfile[39m: "tool_chat"
    [35mrequireTools[39m: false
    [35mavailable[39m: [
      "openrouter",
      "groq"
    ]
    [35mskipped[39m: [
      {
        "provider": "gemini",
        "reason": "no_api_key"
      },
      {
        "provider": "deepseek",
        "reason": "no_api_key"
      }
    ]
    [35mfinalOrder[39m: [
      "openrouter",
      "groq"
    ]
[03:28:42.650] [32mINFO[39m (9329): [36mresolved primary provider: openrouter[39m
    [35mscope[39m: "provider-selection"
    [35maction[39m: "resolve_provider"
    [35mselected[39m: "openrouter"
    [35mrequireTools[39m: false
    [35mqualityProfile[39m: "tool_chat"
[03:28:42.650] [32mINFO[39m (9329): [36mchat: dispatching chatWithFallback[39m
    [35mscope[39m: "chat-route"
    [35maction[39m: "pre_chat_trace"
    [35mprovider[39m: "openrouter"
    [35msessionId[39m: null
    [35mprojectId[39m: "494d9078-c82c-4887-bca1-ae4f56db66fe"
    [35mlinkedTaskId[39m: null
    [35mtaskLoaded[39m: false
    [35mpromptMode[39m: "chat"
    [35mmessageCount[39m: 0
    [35mturnIntent[39m: "PROJECT_QUERY"
    [35mrequireTools[39m: false
    [35mrequiresEvidence[39m: false
    [35mqualityProfile[39m: "tool_chat"
    [35mexecutionHandoff[39m: {
      "requested": false,
      "sessionId": null,
      "historyMessageCount": 0,
      "repairPlanCandidateCount": 0
    }
[03:28:42.653] [32mINFO[39m (9329): [36mprovider selection complete (quality-ordered)[39m
    [35mscope[39m: "provider-selection"
    [35maction[39m: "collect_available_providers"
    [35mqualityProfile[39m: "tool_chat"
    [35mrequireTools[39m: false
    [35mavailable[39m: [
      "openrouter",
      "groq"
    ]
    [35mskipped[39m: [
      {
        "provider": "gemini",
        "reason": "no_api_key"
      },
      {
        "provider": "deepseek",
        "reason": "no_api_key"
      }
    ]
    [35mfinalOrder[39m: [
      "openrouter",
      "groq"
    ]
[03:28:42.660] [32mINFO[39m (9329): [36mrequest completed[39m
    [35mreq[39m: {
      "id": 15,
      "method": "POST",
      "url": "/api/ai/chat"
    }
    [35mres[39m: {
      "statusCode": 200
    }
    [35mresponseTime[39m: 17
[03:28:42.683] [33mWARN[39m (9329): [36mproject rootPath is inaccessible — file tools disabled[39m
    [35mscope[39m: "rootpath-validator"
    [35mcode[39m: "ROOTPATH_NOT_ACCESSIBLE"
    [35mprojectId[39m: "f164198e-28d8-4af1-b3ab-dc3a2c935621"
    [35mrootPath[39m: "/tmp/ai-test-f164198e-28d8-4af1-b3ab-dc3a2c935621"
[03:28:42.685] [32mINFO[39m (9329): [36mprovider selection complete (quality-ordered)[39m
    [35mscope[39m: "provider-selection"
    [35maction[39m: "collect_available_providers"
    [35mqualityProfile[39m: "chat"
    [35mrequireTools[39m: false
    [35mavailable[39m: [
      "openrouter",
      "groq"
    ]
    [35mskipped[39m: [
      {
        "provider": "gemini",
        "reason": "no_api_key"
      },
      {
        "provider": "deepseek",
        "reason": "no_api_key"
      }
    ]
    [35mfinalOrder[39m: [
      "openrouter",
      "groq"
    ]
[03:28:42.685] [32mINFO[39m (9329): [36mresolved primary provider: openrouter[39m
    [35mscope[39m: "provider-selection"
    [35maction[39m: "resolve_provider"
    [35mselected[39m: "openrouter"
    [35mrequireTools[39m: false
    [35mqualityProfile[39m: "chat"
[03:28:42.685] [32mINFO[39m (9329): [36mchat: dispatching chatWithFallback[39m
    [35mscope[39m: "chat-route"
    [35maction[39m: "pre_chat_trace"
    [35mprovider[39m: "openrouter"
    [35msessionId[39m: null
    [35mprojectId[39m: "f164198e-28d8-4af1-b3ab-dc3a2c935621"
    [35mlinkedTaskId[39m: null
    [35mtaskLoaded[39m: false
    [35mpromptMode[39m: "chat"
    [35mmessageCount[39m: 0
    [35mturnIntent[39m: "CHAT"
    [35mrequireTools[39m: false
    [35mrequiresEvidence[39m: false
    [35mqualityProfile[39m: "chat"
    [35mexecutionHandoff[39m: {
      "requested": false,
      "sessionId": null,
      "historyMessageCount": 0,
      "repairPlanCandidateCount": 0
    }
[03:28:42.688] [32mINFO[39m (9329): [36mprovider selection complete (quality-ordered)[39m
    [35mscope[39m: "provider-selection"
    [35maction[39m: "collect_available_providers"
    [35mqualityProfile[39m: "chat"
    [35mrequireTools[39m: false
    [35mavailable[39m: [
      "openrouter",
      "groq"
    ]
    [35mskipped[39m: [
      {
        "provider": "gemini",
        "reason": "no_api_key"
      },
      {
        "provider": "deepseek",
        "reason": "no_api_key"
      }
    ]
    [35mfinalOrder[39m: [
      "openrouter",
      "groq"
    ]
[03:28:42.695] [32mINFO[39m (9329): [36mrequest completed[39m
    [35mreq[39m: {
      "id": 16,
      "method": "POST",
      "url": "/api/ai/chat"
    }
    [35mres[39m: {
      "statusCode": 200
    }
    [35mresponseTime[39m: 17
[03:28:42.717] [33mWARN[39m (9329): [36mproject rootPath is inaccessible — file tools disabled[39m
    [35mscope[39m: "rootpath-validator"
    [35mcode[39m: "ROOTPATH_NOT_ACCESSIBLE"
    [35mprojectId[39m: "428a78c9-1698-41d4-b93d-a9afa60b6b12"
    [35mrootPath[39m: "/tmp/ai-test-428a78c9-1698-41d4-b93d-a9afa60b6b12"
[03:28:42.720] [32mINFO[39m (9329): [36mprovider selection complete (quality-ordered)[39m
    [35mscope[39m: "provider-selection"
    [35maction[39m: "collect_available_providers"
    [35mqualityProfile[39m: "chat"
    [35mrequireTools[39m: false
    [35mavailable[39m: [
      "openrouter",
      "groq"
    ]
    [35mskipped[39m: [
      {
        "provider": "gemini",
        "reason": "no_api_key"
      },
      {
        "provider": "deepseek",
        "reason": "no_api_key"
      }
    ]
    [35mfinalOrder[39m: [
      "openrouter",
      "groq"
    ]
[03:28:42.720] [32mINFO[39m (9329): [36mresolved primary provider: openrouter[39m
    [35mscope[39m: "provider-selection"
    [35maction[39m: "resolve_provider"
    [35mselected[39m: "openrouter"
    [35mrequireTools[39m: false
    [35mqualityProfile[39m: "chat"
[03:28:42.720] [32mINFO[39m (9329): [36mchat: dispatching chatWithFallback[39m
    [35mscope[39m: "chat-route"
    [35maction[39m: "pre_chat_trace"
    [35mprovider[39m: "openrouter"
    [35msessionId[39m: null
    [35mprojectId[39m: "428a78c9-1698-41d4-b93d-a9afa60b6b12"
    [35mlinkedTaskId[39m: null
    [35mtaskLoaded[39m: false
    [35mpromptMode[39m: "chat"
    [35mmessageCount[39m: 0
    [35mturnIntent[39m: "CHAT"
    [35mrequireTools[39m: false
    [35mrequiresEvidence[39m: false
    [35mqualityProfile[39m: "chat"
    [35mexecutionHandoff[39m: {
      "requested": false,
      "sessionId": null,
      "historyMessageCount": 0,
      "repairPlanCandidateCount": 0
    }
[03:28:42.723] [32mINFO[39m (9329): [36mprovider selection complete (quality-ordered)[39m
    [35mscope[39m: "provider-selection"
    [35maction[39m: "collect_available_providers"
    [35mqualityProfile[39m: "chat"
    [35mrequireTools[39m: false
    [35mavailable[39m: [
      "openrouter",
      "groq"
    ]
    [35mskipped[39m: [
      {
        "provider": "gemini",
        "reason": "no_api_key"
      },
      {
        "provider": "deepseek",
        "reason": "no_api_key"
      }
    ]
    [35mfinalOrder[39m: [
      "openrouter",
      "groq"
    ]
[03:28:42.729] [32mINFO[39m (9329): [36mrequest completed[39m
    [35mreq[39m: {
      "id": 17,
      "method": "POST",
      "url": "/api/ai/chat"
    }
    [35mres[39m: {
      "statusCode": 200
    }
    [35mresponseTime[39m: 17
[03:28:42.737] [32mINFO[39m (9329): [36mrequest completed[39m
    [35mreq[39m: {
      "id": 18,
      "method": "GET",
      "url": "/api/ai/chat/3c034f6d-a585-40ff-80f1-0a2c31ecb462/messages"
    }
    [35mres[39m: {
      "statusCode": 200
    }
    [35mresponseTime[39m: 4
[03:28:42.759] [33mWARN[39m (9329): [36mproject rootPath is inaccessible — file tools disabled[39m
    [35mscope[39m: "rootpath-validator"
    [35mcode[39m: "ROOTPATH_NOT_ACCESSIBLE"
    [35mprojectId[39m: "03ee8a37-afc8-49ab-b50e-1d632c6f9deb"
    [35mrootPath[39m: "/tmp/ai-test-03ee8a37-afc8-49ab-b50e-1d632c6f9deb"
[03:28:42.764] [32mINFO[39m (9329): [36mprovider selection complete (quality-ordered)[39m
    [35mscope[39m: "provider-selection"
    [35maction[39m: "collect_available_providers"
    [35mqualityProfile[39m: "chat"
    [35mrequireTools[39m: false
    [35mavailable[39m: [
      "openrouter",
      "groq"
    ]
    [35mskipped[39m: [
      {
        "provider": "gemini",
        "reason": "no_api_key"
      },
      {
        "provider": "deepseek",
        "reason": "no_api_key"
      }
    ]
    [35mfinalOrder[39m: [
      "openrouter",
      "groq"
    ]
[03:28:42.764] [32mINFO[39m (9329): [36mresolved primary provider: openrouter[39m
    [35mscope[39m: "provider-selection"
    [35maction[39m: "resolve_provider"
    [35mselected[39m: "openrouter"
    [35mrequireTools[39m: false
    [35mqualityProfile[39m: "chat"
[03:28:42.764] [32mINFO[39m (9329): [36mchat: dispatching chatWithFallback[39m
    [35mscope[39m: "chat-route"
    [35maction[39m: "pre_chat_trace"
    [35mprovider[39m: "openrouter"
    [35msessionId[39m: null
    [35mprojectId[39m: "03ee8a37-afc8-49ab-b50e-1d632c6f9deb"
    [35mlinkedTaskId[39m: null
    [35mtaskLoaded[39m: false
    [35mpromptMode[39m: "chat"
    [35mmessageCount[39m: 0
    [35mturnIntent[39m: "CHAT"
    [35mrequireTools[39m: false
    [35mrequiresEvidence[39m: false
    [35mqualityProfile[39m: "chat"
    [35mexecutionHandoff[39m: {
      "requested": false,
      "sessionId": null,
      "historyMessageCount": 0,
      "repairPlanCandidateCount": 0
    }
[03:28:42.767] [32mINFO[39m (9329): [36mprovider selection complete (quality-ordered)[39m
    [35mscope[39m: "provider-selection"
    [35maction[39m: "collect_available_providers"
    [35mqualityProfile[39m: "chat"
    [35mrequireTools[39m: false
    [35mavailable[39m: [
      "openrouter",
      "groq"
    ]
    [35mskipped[39m: [
      {
        "provider": "gemini",
        "reason": "no_api_key"
      },
      {
        "provider": "deepseek",
        "reason": "no_api_key"
      }
    ]
    [35mfinalOrder[39m: [
      "openrouter",
      "groq"
    ]
[03:28:42.778] [32mINFO[39m (9329): [36mrequest completed[39m
    [35mreq[39m: {
      "id": 19,
      "method": "POST",
      "url": "/api/ai/chat"
    }
    [35mres[39m: {
      "statusCode": 200
    }
    [35mresponseTime[39m: 24
[03:28:42.796] [32mINFO[39m (9329): [36mrequest completed[39m
    [35mreq[39m: {
      "id": 20,
      "method": "POST",
      "url": "/api/ai/chat"
    }
    [35mres[39m: {
      "statusCode": 400
    }
    [35mresponseTime[39m: 1
[03:28:42.815] [33mWARN[39m (9329): [36mproject rootPath is inaccessible — file tools disabled[39m
    [35mscope[39m: "rootpath-validator"
    [35mcode[39m: "ROOTPATH_NOT_ACCESSIBLE"
    [35mprojectId[39m: "a9d70709-e233-4c6b-9e33-430560c76015"
    [35mrootPath[39m: "/tmp/ai-test-a9d70709-e233-4c6b-9e33-430560c76015"
[03:28:42.817] [32mINFO[39m (9329): [36mprovider selection complete (quality-ordered)[39m
    [35mscope[39m: "provider-selection"
    [35maction[39m: "collect_available_providers"
    [35mqualityProfile[39m: "chat"
    [35mrequireTools[39m: false
    [35mavailable[39m: [
      "openrouter",
      "groq"
    ]
    [35mskipped[39m: [
      {
        "provider": "gemini",
        "reason": "no_api_key"
      },
      {
        "provider": "deepseek",
        "reason": "no_api_key"
      }
    ]
    [35mfinalOrder[39m: [
      "openrouter",
      "groq"
    ]
[03:28:42.817] [32mINFO[39m (9329): [36mresolved primary provider: openrouter[39m
    [35mscope[39m: "provider-selection"
    [35maction[39m: "resolve_provider"
    [35mselected[39m: "openrouter"
    [35mrequireTools[39m: false
    [35mqualityProfile[39m: "chat"
[03:28:42.818] [32mINFO[39m (9329): [36mchat: dispatching chatWithFallback[39m
    [35mscope[39m: "chat-route"
    [35maction[39m: "pre_chat_trace"
    [35mprovider[39m: "openrouter"
    [35msessionId[39m: null
    [35mprojectId[39m: "a9d70709-e233-4c6b-9e33-430560c76015"
    [35mlinkedTaskId[39m: null
    [35mtaskLoaded[39m: false
    [35mpromptMode[39m: "chat"
    [35mmessageCount[39m: 0
    [35mturnIntent[39m: "CHAT"
    [35mrequireTools[39m: false
    [35mrequiresEvidence[39m: false
    [35mqualityProfile[39m: "chat"
    [35mexecutionHandoff[39m: {
      "requested": false,
      "sessionId": null,
      "historyMessageCount": 0,
      "repairPlanCandidateCount": 0
    }
[03:28:42.821] [32mINFO[39m (9329): [36mprovider selection complete (quality-ordered)[39m
    [35mscope[39m: "provider-selection"
    [35maction[39m: "collect_available_providers"
    [35mqualityProfile[39m: "chat"
    [35mrequireTools[39m: false
    [35mavailable[39m: [
      "openrouter",
      "groq"
    ]
    [35mskipped[39m: [
      {
        "provider": "gemini",
        "reason": "no_api_key"
      },
      {
        "provider": "deepseek",
        "reason": "no_api_key"
      }
    ]
    [35mfinalOrder[39m: [
      "openrouter",
      "groq"
    ]
[03:28:42.821] [33mWARN[39m (9329): [36mAI parse failure — using fallback response[39m
    [35mparseCode[39m: "SCHEMA_VALIDATION_FAILED"
    [35mrawPreview[39m: "bad model output"
[03:28:42.827] [32mINFO[39m (9329): [36mrequest completed[39m
    [35mreq[39m: {
      "id": 21,
      "method": "POST",
      "url": "/api/ai/chat"
    }
    [35mres[39m: {
      "statusCode": 200
    }
    [35mresponseTime[39m: 18
[03:28:42.850] [33mWARN[39m (9329): [36mproject rootPath is inaccessible — file tools disabled[39m
    [35mscope[39m: "rootpath-validator"
    [35mcode[39m: "ROOTPATH_NOT_ACCESSIBLE"
    [35mprojectId[39m: "cf5d672e-2de4-43e8-92db-0ef3239c9bdb"
    [35mrootPath[39m: "/tmp/ai-test-cf5d672e-2de4-43e8-92db-0ef3239c9bdb"
[03:28:42.855] [32mINFO[39m (9329): [36mprovider selection complete (quality-ordered)[39m
    [35mscope[39m: "provider-selection"
    [35maction[39m: "collect_available_providers"
    [35mqualityProfile[39m: "chat"
    [35mrequireTools[39m: false
    [35mavailable[39m: [
      "openrouter",
      "groq"
    ]
    [35mskipped[39m: [
      {
        "provider": "gemini",
        "reason": "no_api_key"
      },
      {
        "provider": "deepseek",
        "reason": "no_api_key"
      }
    ]
    [35mfinalOrder[39m: [
      "openrouter",
      "groq"
    ]
[03:28:42.855] [32mINFO[39m (9329): [36mresolved primary provider: openrouter[39m
    [35mscope[39m: "provider-selection"
    [35maction[39m: "resolve_provider"
    [35mselected[39m: "openrouter"
    [35mrequireTools[39m: false
    [35mqualityProfile[39m: "chat"
[03:28:42.855] [32mINFO[39m (9329): [36mchat: dispatching chatWithFallback[39m
    [35mscope[39m: "chat-route"
    [35maction[39m: "pre_chat_trace"
    [35mprovider[39m: "openrouter"
    [35msessionId[39m: null
    [35mprojectId[39m: "cf5d672e-2de4-43e8-92db-0ef3239c9bdb"
    [35mlinkedTaskId[39m: null
    [35mtaskLoaded[39m: false
    [35mpromptMode[39m: "chat"
    [35mmessageCount[39m: 0
    [35mturnIntent[39m: "CHAT"
    [35mrequireTools[39m: false
    [35mrequiresEvidence[39m: false
    [35mqualityProfile[39m: "chat"
    [35mexecutionHandoff[39m: {
      "requested": false,
      "sessionId": null,
      "historyMessageCount": 0,
      "repairPlanCandidateCount": 0
    }
[03:28:42.858] [32mINFO[39m (9329): [36mprovider selection complete (quality-ordered)[39m
    [35mscope[39m: "provider-selection"
    [35maction[39m: "collect_available_providers"
    [35mqualityProfile[39m: "chat"
    [35mrequireTools[39m: false
    [35mavailable[39m: [
      "openrouter",
      "groq"
    ]
    [35mskipped[39m: [
      {
        "provider": "gemini",
        "reason": "no_api_key"
      },
      {
        "provider": "deepseek",
        "reason": "no_api_key"
      }
    ]
    [35mfinalOrder[39m: [
      "openrouter",
      "groq"
    ]
[03:28:42.859] [32mINFO[39m (9329): [36mrequest completed[39m
    [35mreq[39m: {
      "id": 22,
      "method": "POST",
      "url": "/api/ai/chat"
    }
    [35mres[39m: {
      "statusCode": 422
    }
    [35mresponseTime[39m: 16
[03:28:42.876] [33mWARN[39m (9329): [36mproject rootPath is inaccessible — file tools disabled[39m
    [35mscope[39m: "rootpath-validator"
    [35mcode[39m: "ROOTPATH_NOT_ACCESSIBLE"
    [35mprojectId[39m: "f464fabc-6031-4991-8665-7022e141b62a"
    [35mrootPath[39m: "/tmp/ai-test-f464fabc-6031-4991-8665-7022e141b62a"
[03:28:42.879] [32mINFO[39m (9329): [36mprovider selection complete (quality-ordered)[39m
    [35mscope[39m: "provider-selection"
    [35maction[39m: "collect_available_providers"
    [35mqualityProfile[39m: "chat"
    [35mrequireTools[39m: false
    [35mavailable[39m: [
      "openrouter",
      "groq"
    ]
    [35mskipped[39m: [
      {
        "provider": "gemini",
        "reason": "no_api_key"
      },
      {
        "provider": "deepseek",
        "reason": "no_api_key"
      }
    ]
    [35mfinalOrder[39m: [
      "openrouter",
      "groq"
    ]
[03:28:42.879] [32mINFO[39m (9329): [36mresolved primary provider: openrouter[39m
    [35mscope[39m: "provider-selection"
    [35maction[39m: "resolve_provider"
    [35mselected[39m: "openrouter"
    [35mrequireTools[39m: false
    [35mqualityProfile[39m: "chat"
[03:28:42.879] [32mINFO[39m (9329): [36mchat: dispatching chatWithFallback[39m
    [35mscope[39m: "chat-route"
    [35maction[39m: "pre_chat_trace"
    [35mprovider[39m: "openrouter"
    [35msessionId[39m: null
    [35mprojectId[39m: "f464fabc-6031-4991-8665-7022e141b62a"
    [35mlinkedTaskId[39m: null
    [35mtaskLoaded[39m: false
    [35mpromptMode[39m: "chat"
    [35mmessageCount[39m: 0
    [35mturnIntent[39m: "CHAT"
    [35mrequireTools[39m: false
    [35mrequiresEvidence[39m: false
    [35mqualityProfile[39m: "chat"
    [35mexecutionHandoff[39m: {
      "requested": false,
      "sessionId": null,
      "historyMessageCount": 0,
      "repairPlanCandidateCount": 0
    }
[03:28:42.882] [32mINFO[39m (9329): [36mprovider selection complete (quality-ordered)[39m
    [35mscope[39m: "provider-selection"
    [35maction[39m: "collect_available_providers"
    [35mqualityProfile[39m: "chat"
    [35mrequireTools[39m: false
    [35mavailable[39m: [
      "openrouter",
      "groq"
    ]
    [35mskipped[39m: [
      {
        "provider": "gemini",
        "reason": "no_api_key"
      },
      {
        "provider": "deepseek",
        "reason": "no_api_key"
      }
    ]
    [35mfinalOrder[39m: [
      "openrouter",
      "groq"
    ]
[03:28:42.892] [32mINFO[39m (9329): [36mrequest completed[39m
    [35mreq[39m: {
      "id": 23,
      "method": "POST",
      "url": "/api/ai/chat"
    }
    [35mres[39m: {
      "statusCode": 200
    }
    [35mresponseTime[39m: 20
[03:28:42.902] [33mWARN[39m (9329): [36mproject rootPath is inaccessible — file tools disabled[39m
    [35mscope[39m: "rootpath-validator"
    [35mcode[39m: "ROOTPATH_NOT_ACCESSIBLE"
    [35mprojectId[39m: "f464fabc-6031-4991-8665-7022e141b62a"
    [35mrootPath[39m: "/tmp/ai-test-f464fabc-6031-4991-8665-7022e141b62a"
[03:28:42.905] [32mINFO[39m (9329): [36mprovider selection complete (quality-ordered)[39m
    [35mscope[39m: "provider-selection"
    [35maction[39m: "collect_available_providers"
    [35mqualityProfile[39m: "chat"
    [35mrequireTools[39m: false
    [35mavailable[39m: [
      "openrouter",
      "groq"
    ]
    [35mskipped[39m: [
      {
        "provider": "gemini",
        "reason": "no_api_key"
      },
      {
        "provider": "deepseek",
        "reason": "no_api_key"
      }
    ]
    [35mfinalOrder[39m: [
      "openrouter",
      "groq"
    ]
[03:28:42.905] [32mINFO[39m (9329): [36mresolved primary provider: openrouter[39m
    [35mscope[39m: "provider-selection"
    [35maction[39m: "resolve_provider"
    [35mselected[39m: "openrouter"
    [35mrequireTools[39m: false
    [35mqualityProfile[39m: "chat"
[03:28:42.905] [32mINFO[39m (9329): [36mchat: dispatching chatWithFallback[39m
    [35mscope[39m: "chat-route"
    [35maction[39m: "pre_chat_trace"
    [35mprovider[39m: "openrouter"
    [35msessionId[39m: "4edf9eec-9a9c-4cf9-95d0-8dddfde4cb43"
    [35mprojectId[39m: "f464fabc-6031-4991-8665-7022e141b62a"
    [35mlinkedTaskId[39m: null
    [35mtaskLoaded[39m: false
    [35mpromptMode[39m: "chat"
    [35mmessageCount[39m: 2
    [35mturnIntent[39m: "CHAT"
    [35mrequireTools[39m: false
    [35mrequiresEvidence[39m: false
    [35mqualityProfile[39m: "chat"
    [35mexecutionHandoff[39m: {
      "requested": false,
      "sessionId": "4edf9eec-9a9c-4cf9-95d0-8dddfde4cb43",
      "historyMessageCount": 2,
      "repairPlanCandidateCount": 0
    }
[03:28:42.908] [32mINFO[39m (9329): [36mprovider selection complete (quality-ordered)[39m
    [35mscope[39m: "provider-selection"
    [35maction[39m: "collect_available_providers"
    [35mqualityProfile[39m: "chat"
    [35mrequireTools[39m: false
    [35mavailable[39m: [
      "openrouter",
      "groq"
    ]
    [35mskipped[39m: [
      {
        "provider": "gemini",
        "reason": "no_api_key"
      },
      {
        "provider": "deepseek",
        "reason": "no_api_key"
      }
    ]
    [35mfinalOrder[39m: [
      "openrouter",
      "groq"
    ]
[03:28:42.916] [32mINFO[39m (9329): [36mrequest completed[39m
    [35mreq[39m: {
      "id": 24,
      "method": "POST",
      "url": "/api/ai/chat"
    }
    [35mres[39m: {
      "statusCode": 200
    }
    [35mresponseTime[39m: 21
[03:28:42.940] [33mWARN[39m (9329): [36mproject rootPath is inaccessible — file tools disabled[39m
    [35mscope[39m: "rootpath-validator"
    [35mcode[39m: "ROOTPATH_NOT_ACCESSIBLE"
    [35mprojectId[39m: "feff6a86-13fc-4023-a58e-6ad37f22267e"
    [35mrootPath[39m: "/tmp/ai-test-feff6a86-13fc-4023-a58e-6ad37f22267e"
[03:28:42.944] [32mINFO[39m (9329): [36mprovider selection complete (quality-ordered)[39m
    [35mscope[39m: "provider-selection"
    [35maction[39m: "collect_available_providers"
    [35mqualityProfile[39m: "analysis"
    [35mrequireTools[39m: false
    [35mavailable[39m: [
      "openrouter",
      "groq"
    ]
    [35mskipped[39m: [
      {
        "provider": "gemini",
        "reason": "no_api_key"
      },
      {
        "provider": "deepseek",
        "reason": "no_api_key"
      }
    ]
    [35mfinalOrder[39m: [
      "openrouter",
      "groq"
    ]
[03:28:42.945] [32mINFO[39m (9329): [36mresolved primary provider: openrouter[39m
    [35mscope[39m: "provider-selection"
    [35maction[39m: "resolve_provider"
    [35mselected[39m: "openrouter"
    [35mrequireTools[39m: false
    [35mqualityProfile[39m: "analysis"
[03:28:42.945] [32mINFO[39m (9329): [36mchat: dispatching chatWithFallback[39m
    [35mscope[39m: "chat-route"
    [35maction[39m: "pre_chat_trace"
    [35mprovider[39m: "openrouter"
    [35msessionId[39m: null
    [35mprojectId[39m: "feff6a86-13fc-4023-a58e-6ad37f22267e"
    [35mlinkedTaskId[39m: null
    [35mtaskLoaded[39m: false
    [35mpromptMode[39m: "chat"
    [35mmessageCount[39m: 0
    [35mturnIntent[39m: "FORENSIC_AUDIT"
    [35mrequireTools[39m: false
    [35mrequiresEvidence[39m: true
    [35mqualityProfile[39m: "analysis"
    [35mcontextProfile[39m: "chat-deep"
    [35mexecutionHandoff[39m: {
      "requested": false,
      "sessionId": null,
      "historyMessageCount": 0,
      "repairPlanCandidateCount": 0
    }
[03:28:42.947] [32mINFO[39m (9329): [36mprovider selection complete (quality-ordered)[39m
    [35mscope[39m: "provider-selection"
    [35maction[39m: "collect_available_providers"
    [35mqualityProfile[39m: "analysis"
    [35mrequireTools[39m: false
    [35mavailable[39m: [
      "openrouter",
      "groq"
    ]
    [35mskipped[39m: [
      {
        "provider": "gemini",
        "reason": "no_api_key"
      },
      {
        "provider": "deepseek",
        "reason": "no_api_key"
      }
    ]
    [35mfinalOrder[39m: [
      "openrouter",
      "groq"
    ]
[03:28:42.956] [32mINFO[39m (9329): [36mrequest completed[39m
    [35mreq[39m: {
      "id": 25,
      "method": "POST",
      "url": "/api/ai/chat"
    }
    [35mres[39m: {
      "statusCode": 200
    }
    [35mresponseTime[39m: 21
[03:28:42.974] [33mWARN[39m (9329): [36mproject rootPath is inaccessible — file tools disabled[39m
    [35mscope[39m: "rootpath-validator"
    [35mcode[39m: "ROOTPATH_NOT_ACCESSIBLE"
    [35mprojectId[39m: "feff6a86-13fc-4023-a58e-6ad37f22267e"
    [35mrootPath[39m: "/tmp/ai-test-feff6a86-13fc-4023-a58e-6ad37f22267e"
[03:28:42.979] [32mINFO[39m (9329): [36mprovider selection complete (quality-ordered)[39m
    [35mscope[39m: "provider-selection"
    [35maction[39m: "collect_available_providers"
    [35mqualityProfile[39m: "analysis"
    [35mrequireTools[39m: false
    [35mavailable[39m: [
      "openrouter",
      "groq"
    ]
    [35mskipped[39m: [
      {
        "provider": "gemini",
        "reason": "no_api_key"
      },
      {
        "provider": "deepseek",
        "reason": "no_api_key"
      }
    ]
    [35mfinalOrder[39m: [
      "openrouter",
      "groq"
    ]
[03:28:42.979] [32mINFO[39m (9329): [36mresolved primary provider: openrouter[39m
    [35mscope[39m: "provider-selection"
    [35maction[39m: "resolve_provider"
    [35mselected[39m: "openrouter"
    [35mrequireTools[39m: false
    [35mqualityProfile[39m: "analysis"
[03:28:42.979] [32mINFO[39m (9329): [36mchat: dispatching chatWithFallback[39m
    [35mscope[39m: "chat-route"
    [35maction[39m: "pre_chat_trace"
    [35mprovider[39m: "openrouter"
    [35msessionId[39m: "b8d4642e-3df3-4e96-b7ae-fe8e4d4ce813"
    [35mprojectId[39m: "feff6a86-13fc-4023-a58e-6ad37f22267e"
    [35mlinkedTaskId[39m: null
    [35mtaskLoaded[39m: false
    [35mpromptMode[39m: "chat"
    [35mmessageCount[39m: 2
    [35mturnIntent[39m: "FORENSIC_AUDIT"
    [35mrequireTools[39m: false
    [35mrequiresEvidence[39m: true
    [35mqualityProfile[39m: "analysis"
    [35mcontextProfile[39m: "chat-deep"
    [35mexecutionHandoff[39m: {
      "requested": false,
      "sessionId": "b8d4642e-3df3-4e96-b7ae-fe8e4d4ce813",
      "historyMessageCount": 2,
      "repairPlanCandidateCount": 1
    }
[03:28:42.990] [32mINFO[39m (9329): [36mprovider selection complete (quality-ordered)[39m
    [35mscope[39m: "provider-selection"
    [35maction[39m: "collect_available_providers"
    [35mqualityProfile[39m: "analysis"
    [35mrequireTools[39m: false
    [35mavailable[39m: [
      "openrouter",
      "groq"
    ]
    [35mskipped[39m: [
      {
        "provider": "gemini",
        "reason": "no_api_key"
      },
      {
        "provider": "deepseek",
        "reason": "no_api_key"
      }
    ]
    [35mfinalOrder[39m: [
      "openrouter",
      "groq"
    ]
[03:28:43.013] [32mINFO[39m (9329): [36mrequest completed[39m
    [35mreq[39m: {
      "id": 26,
      "method": "POST",
      "url": "/api/ai/chat"
    }
    [35mres[39m: {
      "statusCode": 200
    }
    [35mresponseTime[39m: 52
[03:28:43.022] [33mWARN[39m (9329): [36mproject rootPath is inaccessible — file tools disabled[39m
    [35mscope[39m: "rootpath-validator"
    [35mcode[39m: "ROOTPATH_NOT_ACCESSIBLE"
    [35mprojectId[39m: "feff6a86-13fc-4023-a58e-6ad37f22267e"
    [35mrootPath[39m: "/tmp/ai-test-feff6a86-13fc-4023-a58e-6ad37f22267e"
[03:28:43.025] [32mINFO[39m (9329): [36mprovider selection complete (quality-ordered)[39m
    [35mscope[39m: "provider-selection"
    [35maction[39m: "collect_available_providers"
    [35mqualityProfile[39m: "chat"
    [35mrequireTools[39m: false
    [35mavailable[39m: [
      "openrouter",
      "groq"
    ]
    [35mskipped[39m: [
      {
        "provider": "gemini",
        "reason": "no_api_key"
      },
      {
        "provider": "deepseek",
        "reason": "no_api_key"
      }
    ]
    [35mfinalOrder[39m: [
      "openrouter",
      "groq"
    ]
[03:28:43.025] [32mINFO[39m (9329): [36mresolved primary provider: openrouter[39m
    [35mscope[39m: "provider-selection"
    [35maction[39m: "resolve_provider"
    [35mselected[39m: "openrouter"
    [35mrequireTools[39m: false
    [35mqualityProfile[39m: "chat"
[03:28:43.025] [32mINFO[39m (9329): [36mchat: dispatching chatWithFallback[39m
    [35mscope[39m: "chat-route"
    [35maction[39m: "pre_chat_trace"
    [35mprovider[39m: "openrouter"
    [35msessionId[39m: "b8d4642e-3df3-4e96-b7ae-fe8e4d4ce813"
    [35mprojectId[39m: "feff6a86-13fc-4023-a58e-6ad37f22267e"
    [35mlinkedTaskId[39m: null
    [35mtaskLoaded[39m: false
    [35mpromptMode[39m: "chat"
    [35mmessageCount[39m: 4
    [35mturnIntent[39m: "CHAT"
    [35mrequireTools[39m: false
    [35mrequiresEvidence[39m: false
    [35mqualityProfile[39m: "chat"
    [35mexecutionHandoff[39m: {
      "requested": false,
      "sessionId": "b8d4642e-3df3-4e96-b7ae-fe8e4d4ce813",
      "historyMessageCount": 4,
      "repairPlanCandidateCount": 2
    }
[03:28:43.028] [32mINFO[39m (9329): [36mprovider selection complete (quality-ordered)[39m
    [35mscope[39m: "provider-selection"
    [35maction[39m: "collect_available_providers"
    [35mqualityProfile[39m: "chat"
    [35mrequireTools[39m: false
    [35mavailable[39m: [
      "openrouter",
      "groq"
    ]
    [35mskipped[39m: [
      {
        "provider": "gemini",
        "reason": "no_api_key"
      },
      {
        "provider": "deepseek",
        "reason": "no_api_key"
      }
    ]
    [35mfinalOrder[39m: [
      "openrouter",
      "groq"
    ]
[03:28:43.036] [32mINFO[39m (9329): [36mrequest completed[39m
    [35mreq[39m: {
      "id": 27,
      "method": "POST",
      "url": "/api/ai/chat"
    }
    [35mres[39m: {
      "statusCode": 200
    }
    [35mresponseTime[39m: 21
[03:28:43.071] [33mWARN[39m (9329): [36mproject rootPath is inaccessible — file tools disabled[39m
    [35mscope[39m: "rootpath-validator"
    [35mcode[39m: "ROOTPATH_NOT_ACCESSIBLE"
    [35mprojectId[39m: "93fa1920-457d-4740-b69f-2e2e89b5d449"
    [35mrootPath[39m: "/tmp/ai-test-93fa1920-457d-4740-b69f-2e2e89b5d449"
[03:28:43.074] [32mINFO[39m (9329): [36mprovider selection complete (quality-ordered)[39m
    [35mscope[39m: "provider-selection"
    [35maction[39m: "collect_available_providers"
    [35mqualityProfile[39m: "analysis"
    [35mrequireTools[39m: false
    [35mavailable[39m: [
      "openrouter",
      "groq"
    ]
    [35mskipped[39m: [
      {
        "provider": "gemini",
        "reason": "no_api_key"
      },
      {
        "provider": "deepseek",
        "reason": "no_api_key"
      }
    ]
    [35mfinalOrder[39m: [
      "openrouter",
      "groq"
    ]
[03:28:43.074] [32mINFO[39m (9329): [36mresolved primary provider: openrouter[39m
    [35mscope[39m: "provider-selection"
    [35maction[39m: "resolve_provider"
    [35mselected[39m: "openrouter"
    [35mrequireTools[39m: false
    [35mqualityProfile[39m: "analysis"
[03:28:43.074] [32mINFO[39m (9329): [36mchat: dispatching chatWithFallback[39m
    [35mscope[39m: "chat-route"
    [35maction[39m: "pre_chat_trace"
    [35mprovider[39m: "openrouter"
    [35msessionId[39m: null
    [35mprojectId[39m: "93fa1920-457d-4740-b69f-2e2e89b5d449"
    [35mlinkedTaskId[39m: null
    [35mtaskLoaded[39m: false
    [35mpromptMode[39m: "chat"
    [35mmessageCount[39m: 0
    [35mturnIntent[39m: "FORENSIC_AUDIT"
    [35mrequireTools[39m: false
    [35mrequiresEvidence[39m: true
    [35mqualityProfile[39m: "analysis"
    [35mcontextProfile[39m: "chat-deep"
    [35mexecutionHandoff[39m: {
      "requested": false,
      "sessionId": null,
      "historyMessageCount": 0,
      "repairPlanCandidateCount": 0
    }
[03:28:43.076] [32mINFO[39m (9329): [36mprovider selection complete (quality-ordered)[39m
    [35mscope[39m: "provider-selection"
    [35maction[39m: "collect_available_providers"
    [35mqualityProfile[39m: "analysis"
    [35mrequireTools[39m: false
    [35mavailable[39m: [
      "openrouter",
      "groq"
    ]
    [35mskipped[39m: [
      {
        "provider": "gemini",
        "reason": "no_api_key"
      },
      {
        "provider": "deepseek",
        "reason": "no_api_key"
      }
    ]
    [35mfinalOrder[39m: [
      "openrouter",
      "groq"
    ]
[03:28:43.083] [32mINFO[39m (9329): [36mrequest completed[39m
    [35mreq[39m: {
      "id": 28,
      "method": "POST",
      "url": "/api/ai/chat"
    }
    [35mres[39m: {
      "statusCode": 200
    }
    [35mresponseTime[39m: 16
[03:28:43.095] [33mWARN[39m (9329): [36mproject rootPath is inaccessible — file tools disabled[39m
    [35mscope[39m: "rootpath-validator"
    [35mcode[39m: "ROOTPATH_NOT_ACCESSIBLE"
    [35mprojectId[39m: "93fa1920-457d-4740-b69f-2e2e89b5d449"
    [35mrootPath[39m: "/tmp/ai-test-93fa1920-457d-4740-b69f-2e2e89b5d449"
[03:28:43.098] [33mWARN[39m (9329): [36mproject rootPath is inaccessible — file tools disabled[39m
    [35mscope[39m: "rootpath-validator"
    [35mcode[39m: "ROOTPATH_NOT_ACCESSIBLE"
    [35mprojectId[39m: "93fa1920-457d-4740-b69f-2e2e89b5d449"
    [35mrootPath[39m: "/tmp/ai-test-93fa1920-457d-4740-b69f-2e2e89b5d449"
[03:28:43.103] [32mINFO[39m (9329): [36mprovider selection complete (quality-ordered)[39m
    [35mscope[39m: "provider-selection"
    [35maction[39m: "collect_available_providers"
    [35mqualityProfile[39m: "chat"
    [35mrequireTools[39m: false
    [35mavailable[39m: [
      "openrouter",
      "groq"
    ]
    [35mskipped[39m: [
      {
        "provider": "gemini",
        "reason": "no_api_key"
      },
      {
        "provider": "deepseek",
        "reason": "no_api_key"
      }
    ]
    [35mfinalOrder[39m: [
      "openrouter",
      "groq"
    ]
[03:28:43.103] [32mINFO[39m (9329): [36mresolved primary provider: openrouter[39m
    [35mscope[39m: "provider-selection"
    [35maction[39m: "resolve_provider"
    [35mselected[39m: "openrouter"
    [35mrequireTools[39m: false
    [35mqualityProfile[39m: "chat"
[03:28:43.103] [32mINFO[39m (9329): [36mchat: dispatching chatWithFallback[39m
    [35mscope[39m: "chat-route"
    [35maction[39m: "pre_chat_trace"
    [35mprovider[39m: "openrouter"
    [35msessionId[39m: "75735255-9b30-4206-ab8f-3fbb92393efc"
    [35mprojectId[39m: "93fa1920-457d-4740-b69f-2e2e89b5d449"
    [35mlinkedTaskId[39m: null
    [35mtaskLoaded[39m: false
    [35mpromptMode[39m: "chat"
    [35mmessageCount[39m: 2
    [35mturnIntent[39m: "CHAT"
    [35mrequireTools[39m: false
    [35mrequiresEvidence[39m: false
    [35mqualityProfile[39m: "chat"
    [35mcontextProfile[39m: "chat-deep"
    [35mexecutionHandoff[39m: {
      "requested": false,
      "sessionId": "75735255-9b30-4206-ab8f-3fbb92393efc",
      "historyMessageCount": 2,
      "repairPlanCandidateCount": 1
    }
[03:28:43.106] [32mINFO[39m (9329): [36mprovider selection complete (quality-ordered)[39m
    [35mscope[39m: "provider-selection"
    [35maction[39m: "collect_available_providers"
    [35mqualityProfile[39m: "chat"
    [35mrequireTools[39m: false
    [35mavailable[39m: [
      "openrouter",
      "groq"
    ]
    [35mskipped[39m: [
      {
        "provider": "gemini",
        "reason": "no_api_key"
      },
      {
        "provider": "deepseek",
        "reason": "no_api_key"
      }
    ]
    [35mfinalOrder[39m: [
      "openrouter",
      "groq"
    ]
[03:28:43.106] [32mINFO[39m (9329): [36mresolved primary provider: openrouter[39m
    [35mscope[39m: "provider-selection"
    [35maction[39m: "resolve_provider"
    [35mselected[39m: "openrouter"
    [35mrequireTools[39m: false
    [35mqualityProfile[39m: "chat"
[03:28:43.106] [32mINFO[39m (9329): [36mchat: dispatching chatWithFallback[39m
    [35mscope[39m: "chat-route"
    [35maction[39m: "pre_chat_trace"
    [35mprovider[39m: "openrouter"
    [35msessionId[39m: "75735255-9b30-4206-ab8f-3fbb92393efc"
    [35mprojectId[39m: "93fa1920-457d-4740-b69f-2e2e89b5d449"
    [35mlinkedTaskId[39m: null
    [35mtaskLoaded[39m: false
    [35mpromptMode[39m: "chat"
    [35mmessageCount[39m: 2
    [35mturnIntent[39m: "CHAT"
    [35mrequireTools[39m: false
    [35mrequiresEvidence[39m: false
    [35mqualityProfile[39m: "chat"
    [35mcontextProfile[39m: "chat-deep"
    [35mexecutionHandoff[39m: {
      "requested": false,
      "sessionId": "75735255-9b30-4206-ab8f-3fbb92393efc",
      "historyMessageCount": 2,
      "repairPlanCandidateCount": 1
    }
[03:28:43.107] [32mINFO[39m (9329): [36mprovider selection complete (quality-ordered)[39m
    [35mscope[39m: "provider-selection"
    [35maction[39m: "collect_available_providers"
    [35mqualityProfile[39m: "chat"
    [35mrequireTools[39m: false
    [35mavailable[39m: [
      "openrouter",
      "groq"
    ]
    [35mskipped[39m: [
      {
        "provider": "gemini",
        "reason": "no_api_key"
      },
      {
        "provider": "deepseek",
        "reason": "no_api_key"
      }
    ]
    [35mfinalOrder[39m: [
      "openrouter",
      "groq"
    ]
[03:28:43.109] [32mINFO[39m (9329): [36mprovider selection complete (quality-ordered)[39m
    [35mscope[39m: "provider-selection"
    [35maction[39m: "collect_available_providers"
    [35mqualityProfile[39m: "chat"
    [35mrequireTools[39m: false
    [35mavailable[39m: [
      "openrouter",
      "groq"
    ]
    [35mskipped[39m: [
      {
        "provider": "gemini",
        "reason": "no_api_key"
      },
      {
        "provider": "deepseek",
        "reason": "no_api_key"
      }
    ]
    [35mfinalOrder[39m: [
      "openrouter",
      "groq"
    ]
[03:28:43.116] [32mINFO[39m (9329): [36mrequest completed[39m
    [35mreq[39m: {
      "id": 30,
      "method": "POST",
      "url": "/api/ai/chat"
    }
    [35mres[39m: {
      "statusCode": 200
    }
    [35mresponseTime[39m: 27
[03:28:43.122] [32mINFO[39m (9329): [36mrequest completed[39m
    [35mreq[39m: {
      "id": 29,
      "method": "POST",
      "url": "/api/ai/chat"
    }
    [35mres[39m: {
      "statusCode": 200
    }
    [35mresponseTime[39m: 35
[03:28:43.130] [33mWARN[39m (9329): [36mproject rootPath is inaccessible — file tools disabled[39m
    [35mscope[39m: "rootpath-validator"
    [35mcode[39m: "ROOTPATH_NOT_ACCESSIBLE"
    [35mprojectId[39m: "93fa1920-457d-4740-b69f-2e2e89b5d449"
    [35mrootPath[39m: "/tmp/ai-test-93fa1920-457d-4740-b69f-2e2e89b5d449"
[03:28:43.133] [32mINFO[39m (9329): [36mprovider selection complete (quality-ordered)[39m
    [35mscope[39m: "provider-selection"
    [35maction[39m: "collect_available_providers"
    [35mqualityProfile[39m: "analysis"
    [35mrequireTools[39m: false
    [35mavailable[39m: [
      "openrouter",
      "groq"
    ]
    [35mskipped[39m: [
      {
        "provider": "gemini",
        "reason": "no_api_key"
      },
      {
        "provider": "deepseek",
        "reason": "no_api_key"
      }
    ]
    [35mfinalOrder[39m: [
      "openrouter",
      "groq"
    ]
[03:28:43.133] [32mINFO[39m (9329): [36mresolved primary provider: openrouter[39m
    [35mscope[39m: "provider-selection"
    [35maction[39m: "resolve_provider"
    [35mselected[39m: "openrouter"
    [35mrequireTools[39m: false
    [35mqualityProfile[39m: "analysis"
[03:28:43.133] [32mINFO[39m (9329): [36mchat: dispatching chatWithFallback[39m
    [35mscope[39m: "chat-route"
    [35maction[39m: "pre_chat_trace"
    [35mprovider[39m: "openrouter"
    [35msessionId[39m: "75735255-9b30-4206-ab8f-3fbb92393efc"
    [35mprojectId[39m: "93fa1920-457d-4740-b69f-2e2e89b5d449"
    [35mlinkedTaskId[39m: null
    [35mtaskLoaded[39m: false
    [35mpromptMode[39m: "chat"
    [35mmessageCount[39m: 6
    [35mturnIntent[39m: "FORENSIC_AUDIT"
    [35mrequireTools[39m: false
    [35mrequiresEvidence[39m: true
    [35mqualityProfile[39m: "analysis"
    [35mcontextProfile[39m: "chat-deep"
    [35mexecutionHandoff[39m: {
      "requested": false,
      "sessionId": "75735255-9b30-4206-ab8f-3fbb92393efc",
      "historyMessageCount": 6,
      "repairPlanCandidateCount": 3
    }
[03:28:43.135] [32mINFO[39m (9329): [36mprovider selection complete (quality-ordered)[39m
    [35mscope[39m: "provider-selection"
    [35maction[39m: "collect_available_providers"
    [35mqualityProfile[39m: "analysis"
    [35mrequireTools[39m: false
    [35mavailable[39m: [
      "openrouter",
      "groq"
    ]
    [35mskipped[39m: [
      {
        "provider": "gemini",
        "reason": "no_api_key"
      },
      {
        "provider": "deepseek",
        "reason": "no_api_key"
      }
    ]
    [35mfinalOrder[39m: [
      "openrouter",
      "groq"
    ]
[03:28:43.142] [32mINFO[39m (9329): [36mrequest completed[39m
    [35mreq[39m: {
      "id": 31,
      "method": "POST",
      "url": "/api/ai/chat"
    }
    [35mres[39m: {
      "statusCode": 200
    }
    [35mresponseTime[39m: 17
[03:28:43.168] [32mINFO[39m (9329): [36mrequest completed[39m
    [35mreq[39m: {
      "id": 32,
      "method": "POST",
      "url": "/api/ai/chat"
    }
    [35mres[39m: {
      "statusCode": 409
    }
    [35mresponseTime[39m: 1
[03:28:43.190] [32mINFO[39m (9329): [36mrequest completed[39m
    [35mreq[39m: {
      "id": 33,
      "method": "POST",
      "url": "/api/ai/chat"
    }
    [35mres[39m: {
      "statusCode": 404
    }
    [35mresponseTime[39m: 6
[03:28:43.212] [32mINFO[39m (9329): [36mrequest completed[39m
    [35mreq[39m: {
      "id": 34,
      "method": "GET",
      "url": "/api/ai/executions/history"
    }
    [35mres[39m: {
      "statusCode": 200
    }
    [35mresponseTime[39m: 3
[03:28:43.247] [32mINFO[39m (9329): [36mrequest completed[39m
    [35mreq[39m: {
      "id": 35,
      "method": "GET",
      "url": "/api/ai/executions/182b96e5-b46d-472c-b2a8-5a4c780abfbd/audit-export"
    }
    [35mres[39m: {
      "statusCode": 200
    }
    [35mresponseTime[39m: 14
[03:28:43.254] [32mINFO[39m (9329): [36mrequest completed[39m
    [35mreq[39m: {
      "id": 36,
      "method": "GET",
      "url": "/api/ai/executions/182b96e5-b46d-472c-b2a8-5a4c780abfbd/audit-export"
    }
    [35mres[39m: {
      "statusCode": 404
    }
    [35mresponseTime[39m: 2
[03:28:43.272] [32mINFO[39m (9329): [36mrequest completed[39m
    [35mreq[39m: {
      "id": 37,
      "method": "GET",
      "url": "/api/ai/chat/sessions"
    }
    [35mres[39m: {
      "statusCode": 400
    }
    [35mresponseTime[39m: 1
[03:28:43.283] [33mWARN[39m (9329): [36mproject rootPath is inaccessible — file tools disabled[39m
    [35mscope[39m: "rootpath-validator"
    [35mcode[39m: "ROOTPATH_NOT_ACCESSIBLE"
    [35mprojectId[39m: "1159fcdd-e722-4a23-a61a-7d2f2bd45aaa"
    [35mrootPath[39m: "/tmp/ai-test-1159fcdd-e722-4a23-a61a-7d2f2bd45aaa"
[03:28:43.285] [32mINFO[39m (9329): [36mprovider selection complete (quality-ordered)[39m
    [35mscope[39m: "provider-selection"
    [35maction[39m: "collect_available_providers"
    [35mqualityProfile[39m: "analysis"
    [35mrequireTools[39m: false
    [35mavailable[39m: [
      "openrouter",
      "groq"
    ]
    [35mskipped[39m: [
      {
        "provider": "gemini",
        "reason": "no_api_key"
      },
      {
        "provider": "deepseek",
        "reason": "no_api_key"
      }
    ]
    [35mfinalOrder[39m: [
      "openrouter",
      "groq"
    ]
[03:28:43.285] [32mINFO[39m (9329): [36mresolved primary provider: openrouter[39m
    [35mscope[39m: "provider-selection"
    [35maction[39m: "resolve_provider"
    [35mselected[39m: "openrouter"
    [35mrequireTools[39m: false
    [35mqualityProfile[39m: "analysis"
[03:28:43.285] [32mINFO[39m (9329): [36mchat: dispatching chatWithFallback[39m
    [35mscope[39m: "chat-route"
    [35maction[39m: "pre_chat_trace"
    [35mprovider[39m: "openrouter"
    [35msessionId[39m: null
    [35mprojectId[39m: "1159fcdd-e722-4a23-a61a-7d2f2bd45aaa"
    [35mlinkedTaskId[39m: null
    [35mtaskLoaded[39m: false
    [35mpromptMode[39m: "chat"
    [35mmessageCount[39m: 0
    [35mturnIntent[39m: "FORENSIC_AUDIT"
    [35mrequireTools[39m: false
    [35mrequiresEvidence[39m: true
    [35mqualityProfile[39m: "analysis"
    [35mcontextProfile[39m: "chat-deep"
    [35mexecutionHandoff[39m: {
      "requested": false,
      "sessionId": null,
      "historyMessageCount": 0,
      "repairPlanCandidateCount": 0
    }
[03:28:43.288] [32mINFO[39m (9329): [36mprovider selection complete (quality-ordered)[39m
    [35mscope[39m: "provider-selection"
    [35maction[39m: "collect_available_providers"
    [35mqualityProfile[39m: "analysis"
    [35mrequireTools[39m: false
    [35mavailable[39m: [
      "openrouter",
      "groq"
    ]
    [35mskipped[39m: [
      {
        "provider": "gemini",
        "reason": "no_api_key"
      },
      {
        "provider": "deepseek",
        "reason": "no_api_key"
      }
    ]
    [35mfinalOrder[39m: [
      "openrouter",
      "groq"
    ]
[03:28:43.294] [32mINFO[39m (9329): [36mrequest completed[39m
    [35mreq[39m: {
      "id": 38,
      "method": "POST",
      "url": "/api/ai/chat"
    }
    [35mres[39m: {
      "statusCode": 200
    }
    [35mresponseTime[39m: 16
[03:28:43.300] [32mINFO[39m (9329): [36mrequest completed[39m
    [35mreq[39m: {
      "id": 39,
      "method": "GET",
      "url": "/api/ai/chat/sessions"
    }
    [35mres[39m: {
      "statusCode": 200
    }
    [35mresponseTime[39m: 4
[03:28:43.321] [32mINFO[39m (9329): [36mrequest completed[39m
    [35mreq[39m: {
      "id": 40,
      "method": "GET",
      "url": "/api/ai/chat/sessions"
    }
    [35mres[39m: {
      "statusCode": 200
    }
    [35mresponseTime[39m: 3
[03:28:43.341] [32mINFO[39m (9329): [36mrequest completed[39m
    [35mreq[39m: {
      "id": 41,
      "method": "GET",
      "url": "/api/ai/chat/sessions"
    }
    [35mres[39m: {
      "statusCode": 200
    }
    [35mresponseTime[39m: 4
····[03:28:43.377] [32mINFO[39m (9329): [36mrequest completed[39m
    [35mreq[39m: {
      "id": 42,
      "method": "GET",
      "url": "/api/ai/chat/sessions"
    }
    [35mres[39m: {
      "statusCode": 200
    }
    [35mresponseTime[39m: 7
[03:28:43.403] [32mINFO[39m (9329): [36mrequest completed[39m
    [35mreq[39m: {
      "id": 43,
      "method": "GET",
      "url": "/api/ai/chat/sessions"
    }
    [35mres[39m: {
      "statusCode": 200
    }
    [35mresponseTime[39m: 3
[03:28:43.418] [32mINFO[39m (9329): [36mrequest completed[39m
    [35mreq[39m: {
      "id": 44,
      "method": "GET",
      "url": "/api/ai/chat/9b18ddec-396c-4aa8-8f8f-3e39d09f7d94/messages"
    }
    [35mres[39m: {
      "statusCode": 404
    }
    [35mresponseTime[39m: 2
[03:28:43.426] [33mWARN[39m (9329): [36mproject rootPath is inaccessible — file tools disabled[39m
    [35mscope[39m: "rootpath-validator"
    [35mcode[39m: "ROOTPATH_NOT_ACCESSIBLE"
    [35mprojectId[39m: "3ff08a17-deff-47a0-a412-effbadee75e2"
    [35mrootPath[39m: "/tmp/ai-test-3ff08a17-deff-47a0-a412-effbadee75e2"
[03:28:43.429] [32mINFO[39m (9329): [36mprovider selection complete (quality-ordered)[39m
    [35mscope[39m: "provider-selection"
    [35maction[39m: "collect_available_providers"
    [35mqualityProfile[39m: "analysis"
    [35mrequireTools[39m: false
    [35mavailable[39m: [
      "openrouter",
      "groq"
    ]
    [35mskipped[39m: [
      {
        "provider": "gemini",
        "reason": "no_api_key"
      },
      {
        "provider": "deepseek",
        "reason": "no_api_key"
      }
    ]
    [35mfinalOrder[39m: [
      "openrouter",
      "groq"
    ]
[03:28:43.429] [32mINFO[39m (9329): [36mresolved primary provider: openrouter[39m
    [35mscope[39m: "provider-selection"
    [35maction[39m: "resolve_provider"
    [35mselected[39m: "openrouter"
    [35mrequireTools[39m: false
    [35mqualityProfile[39m: "analysis"
[03:28:43.429] [32mINFO[39m (9329): [36mchat: dispatching chatWithFallback[39m
    [35mscope[39m: "chat-route"
    [35maction[39m: "pre_chat_trace"
    [35mprovider[39m: "openrouter"
    [35msessionId[39m: null
    [35mprojectId[39m: "3ff08a17-deff-47a0-a412-effbadee75e2"
    [35mlinkedTaskId[39m: null
    [35mtaskLoaded[39m: false
    [35mpromptMode[39m: "chat"
    [35mmessageCount[39m: 0
    [35mturnIntent[39m: "FORENSIC_AUDIT"
    [35mrequireTools[39m: false
    [35mrequiresEvidence[39m: true
    [35mqualityProfile[39m: "analysis"
    [35mcontextProfile[39m: "chat-deep"
    [35mexecutionHandoff[39m: {
      "requested": false,
      "sessionId": null,
      "historyMessageCount": 0,
      "repairPlanCandidateCount": 0
    }
[03:28:43.431] [32mINFO[39m (9329): [36mprovider selection complete (quality-ordered)[39m
    [35mscope[39m: "provider-selection"
    [35maction[39m: "collect_available_providers"
    [35mqualityProfile[39m: "analysis"
    [35mrequireTools[39m: false
    [35mavailable[39m: [
      "openrouter",
      "groq"
    ]
    [35mskipped[39m: [
      {
        "provider": "gemini",
        "reason": "no_api_key"
      },
      {
        "provider": "deepseek",
        "reason": "no_api_key"
      }
    ]
    [35mfinalOrder[39m: [
      "openrouter",
      "groq"
    ]
[03:28:43.437] [32mINFO[39m (9329): [36mrequest completed[39m
    [35mreq[39m: {
      "id": 45,
      "method": "POST",
      "url": "/api/ai/chat"
    }
    [35mres[39m: {
      "statusCode": 200
    }
    [35mresponseTime[39m: 14
[03:28:43.442] [32mINFO[39m (9329): [36mrequest completed[39m
    [35mreq[39m: {
      "id": 46,
      "method": "GET",
      "url": "/api/ai/chat/c3f12b9e-da03-4a18-92e9-78b245768517/messages"
    }
    [35mres[39m: {
      "statusCode": 200
    }
    [35mresponseTime[39m: 3
····[03:28:43.475] [32mINFO[39m (9329): [36mrequest completed[39m
    [35mreq[39m: {
      "id": 47,
      "method": "GET",
      "url": "/api/ai/chat/79947a03-97c6-42bc-a0ce-dca06b70dee1/messages"
    }
    [35mres[39m: {
      "statusCode": 200
    }
    [35mresponseTime[39m: 3
[03:28:43.502] [32mINFO[39m (9329): [36mrequest completed[39m
    [35mreq[39m: {
      "id": 48,
      "method": "GET",
      "url": "/api/ai/chat/4d81bdda-e4d9-4436-9625-4b5daf8e365d/messages"
    }
    [35mres[39m: {
      "statusCode": 200
    }
    [35mresponseTime[39m: 3
[03:28:43.527] [32mINFO[39m (9329): [36mrequest completed[39m
    [35mreq[39m: {
      "id": 49,
      "method": "GET",
      "url": "/api/ai/chat/2565e570-823f-4dc7-8400-73537f30c720/messages"
    }
    [35mres[39m: {
      "statusCode": 200
    }
    [35mresponseTime[39m: 3
[03:28:43.555] [32mINFO[39m (9329): [36mrequest completed[39m
    [35mreq[39m: {
      "id": 50,
      "method": "GET",
      "url": "/api/ai/chat/7c66489b-a58e-4cd1-807b-cb103cf3ea3d/messages"
    }
    [35mres[39m: {
      "statusCode": 200
    }
    [35mresponseTime[39m: 4
····[03:28:43.584] [32mINFO[39m (9329): [36mrequest completed[39m
    [35mreq[39m: {
      "id": 51,
      "method": "GET",
      "url": "/api/ai/chat/f6c16a7b-def2-4f13-880b-6fec03b5a43b/messages"
    }
    [35mres[39m: {
      "statusCode": 200
    }
    [35mresponseTime[39m: 5
[03:28:43.621] [32mINFO[39m (9329): [36mrequest completed[39m
    [35mreq[39m: {
      "id": 52,
      "method": "GET",
      "url": "/api/ai/chat/1ea24bbf-c43b-45c4-89f0-ad66175b2c80/messages"
    }
    [35mres[39m: {
      "statusCode": 200
    }
    [35mresponseTime[39m: 9
[03:28:43.643] [32mINFO[39m (9329): [36mrequest completed[39m
    [35mreq[39m: {
      "id": 53,
      "method": "GET",
      "url": "/api/ai/chat/file-content"
    }
    [35mres[39m: {
      "statusCode": 200
    }
    [35mresponseTime[39m: 3
[03:28:43.657] [32mINFO[39m (9329): [36mrequest completed[39m
    [35mreq[39m: {
      "id": 54,
      "method": "GET",
      "url": "/api/ai/chat/file-content"
    }
    [35mres[39m: {
      "statusCode": 200
    }
    [35mresponseTime[39m: 2
·····[03:28:43.672] [32mINFO[39m (9329): [36mrequest completed[39m
    [35mreq[39m: {
      "id": 55,
      "method": "GET",
      "url": "/api/ai/chat/file-content"
    }
    [35mres[39m: {
      "statusCode": 400
    }
    [35mresponseTime[39m: 1
[03:28:43.686] [32mINFO[39m (9329): [36mrequest completed[39m
    [35mreq[39m: {
      "id": 56,
      "method": "GET",
      "url": "/api/ai/chat/file-content"
    }
    [35mres[39m: {
      "statusCode": 200
    }
    [35mresponseTime[39m: 2
[03:28:43.698] [32mINFO[39m (9329): [36mrequest completed[39m
    [35mreq[39m: {
      "id": 57,
      "method": "GET",
      "url": "/api/ai/chat/file-content"
    }
    [35mres[39m: {
      "statusCode": 400
    }
    [35mresponseTime[39m: 1
[03:28:43.713] [32mINFO[39m (9329): [36mrequest completed[39m
    [35mreq[39m: {
      "id": 58,
      "method": "GET",
      "url": "/api/ai/chat/file-content"
    }
    [35mres[39m: {
      "statusCode": 200
    }
    [35mresponseTime[39m: 2
[03:28:43.725] [33mWARN[39m (9329): [36mproject rootPath is inaccessible — file tools disabled[39m
    [35mscope[39m: "rootpath-validator"
    [35mcode[39m: "ROOTPATH_NOT_ACCESSIBLE"
    [35mprojectId[39m: "f32727d7-d1fd-4157-aab2-b028f8e88131"
    [35mrootPath[39m: "/tmp/ai-test-f32727d7-d1fd-4157-aab2-b028f8e88131"
[03:28:43.725] [32mINFO[39m (9329): [36mAI scan analysis requested[39m
    [35mprojectId[39m: "f32727d7-d1fd-4157-aab2-b028f8e88131"
[03:28:43.728] [32mINFO[39m (9329): [36mprovider selection complete (quality-ordered)[39m
    [35mscope[39m: "provider-selection"
    [35maction[39m: "collect_available_providers"
    [35mqualityProfile[39m: "analysis"
    [35mrequireTools[39m: false
    [35mavailable[39m: [
      "openrouter",
      "groq"
    ]
    [35mskipped[39m: [
      {
        "provider": "gemini",
        "reason": "no_api_key"
      },
      {
        "provider": "deepseek",
        "reason": "no_api_key"
      }
    ]
    [35mfinalOrder[39m: [
      "openrouter",
      "groq"
    ]
[03:28:43.728] [32mINFO[39m (9329): [36mresolved primary provider: openrouter[39m
    [35mscope[39m: "provider-selection"
    [35maction[39m: "resolve_provider"
    [35mselected[39m: "openrouter"
    [35mrequireTools[39m: false
    [35mqualityProfile[39m: "analysis"
[03:28:43.742] [32mINFO[39m (9329): [36mprovider selection complete (quality-ordered)[39m
    [35mscope[39m: "provider-selection"
    [35maction[39m: "collect_available_providers"
    [35mqualityProfile[39m: "analysis"
    [35mrequireTools[39m: false
    [35mavailable[39m: [
      "openrouter",
      "groq"
    ]
    [35mskipped[39m: [
      {
        "provider": "gemini",
        "reason": "no_api_key"
      },
      {
        "provider": "deepseek",
        "reason": "no_api_key"
      }
    ]
    [35mfinalOrder[39m: [
      "openrouter",
      "groq"
    ]
[03:28:43.747] [32mINFO[39m (9329): [36mrequest completed[39m
    [35mreq[39m: {
      "id": 59,
      "method": "POST",
      "url": "/api/ai/projects/f32727d7-d1fd-4157-aab2-b028f8e88131/analyze"
    }
    [35mres[39m: {
      "statusCode": 200
    }
    [35mresponseTime[39m: 24
·····[03:28:43.775] [33mWARN[39m (9329): [36mproject rootPath is inaccessible — file tools disabled[39m
    [35mscope[39m: "rootpath-validator"
    [35mcode[39m: "ROOTPATH_NOT_ACCESSIBLE"
    [35mprojectId[39m: "b86eabfb-cedb-4e22-bc71-2e7c90de1a6c"
    [35mrootPath[39m: "/tmp/ai-test-b86eabfb-cedb-4e22-bc71-2e7c90de1a6c"
[03:28:43.775] [32mINFO[39m (9329): [36mAI scan analysis requested[39m
    [35mprojectId[39m: "b86eabfb-cedb-4e22-bc71-2e7c90de1a6c"
[03:28:43.778] [32mINFO[39m (9329): [36mprovider selection complete (quality-ordered)[39m
    [35mscope[39m: "provider-selection"
    [35maction[39m: "collect_available_providers"
    [35mqualityProfile[39m: "analysis"
    [35mrequireTools[39m: false
    [35mavailable[39m: [
      "openrouter",
      "groq"
    ]
    [35mskipped[39m: [
      {
        "provider": "gemini",
        "reason": "no_api_key"
      },
      {
        "provider": "deepseek",
        "reason": "no_api_key"
      }
    ]
    [35mfinalOrder[39m: [
      "openrouter",
      "groq"
    ]
[03:28:43.778] [32mINFO[39m (9329): [36mresolved primary provider: openrouter[39m
    [35mscope[39m: "provider-selection"
    [35maction[39m: "resolve_provider"
    [35mselected[39m: "openrouter"
    [35mrequireTools[39m: false
    [35mqualityProfile[39m: "analysis"
[03:28:43.783] [32mINFO[39m (9329): [36mprovider selection complete (quality-ordered)[39m
    [35mscope[39m: "provider-selection"
    [35maction[39m: "collect_available_providers"
    [35mqualityProfile[39m: "analysis"
    [35mrequireTools[39m: false
    [35mavailable[39m: [
      "openrouter",
      "groq"
    ]
    [35mskipped[39m: [
      {
        "provider": "gemini",
        "reason": "no_api_key"
      },
      {
        "provider": "deepseek",
        "reason": "no_api_key"
      }
    ]
    [35mfinalOrder[39m: [
      "openrouter",
      "groq"
    ]
[03:28:43.787] [32mINFO[39m (9329): [36mrequest completed[39m
    [35mreq[39m: {
      "id": 60,
      "method": "POST",
      "url": "/api/ai/projects/b86eabfb-cedb-4e22-bc71-2e7c90de1a6c/analyze"
    }
    [35mres[39m: {
      "statusCode": 200
    }
    [35mresponseTime[39m: 13
[03:28:43.806] [33mWARN[39m (9329): [36mproject rootPath is inaccessible — file tools disabled[39m
    [35mscope[39m: "rootpath-validator"
    [35mcode[39m: "ROOTPATH_NOT_ACCESSIBLE"
    [35mprojectId[39m: "8976bd2a-7392-46cf-9b4d-17af6a465011"
    [35mrootPath[39m: "/tmp/ai-test-8976bd2a-7392-46cf-9b4d-17af6a465011"
[03:28:43.806] [32mINFO[39m (9329): [36mAI scan analysis requested[39m
    [35mprojectId[39m: "8976bd2a-7392-46cf-9b4d-17af6a465011"
[03:28:43.808] [32mINFO[39m (9329): [36mprovider selection complete (quality-ordered)[39m
    [35mscope[39m: "provider-selection"
    [35maction[39m: "collect_available_providers"
    [35mqualityProfile[39m: "analysis"
    [35mrequireTools[39m: false
    [35mavailable[39m: [
      "openrouter",
      "groq"
    ]
    [35mskipped[39m: [
      {
        "provider": "gemini",
        "reason": "no_api_key"
      },
      {
        "provider": "deepseek",
        "reason": "no_api_key"
      }
    ]
    [35mfinalOrder[39m: [
      "openrouter",
      "groq"
    ]
[03:28:43.808] [32mINFO[39m (9329): [36mresolved primary provider: openrouter[39m
    [35mscope[39m: "provider-selection"
    [35maction[39m: "resolve_provider"
    [35mselected[39m: "openrouter"
    [35mrequireTools[39m: false
    [35mqualityProfile[39m: "analysis"
[03:28:43.813] [32mINFO[39m (9329): [36mprovider selection complete (quality-ordered)[39m
    [35mscope[39m: "provider-selection"
    [35maction[39m: "collect_available_providers"
    [35mqualityProfile[39m: "analysis"
    [35mrequireTools[39m: false
    [35mavailable[39m: [
      "openrouter",
      "groq"
    ]
    [35mskipped[39m: [
      {
        "provider": "gemini",
        "reason": "no_api_key"
      },
      {
        "provider": "deepseek",
        "reason": "no_api_key"
      }
    ]
    [35mfinalOrder[39m: [
      "openrouter",
      "groq"
    ]
[03:28:43.813] [33mWARN[39m (9329): [36mscan-analyst: parse error[39m
    [35mprojectId[39m: "8976bd2a-7392-46cf-9b4d-17af6a465011"
    [35mparseCode[39m: "MALFORMED_JSON"
    [35mmessage[39m: "JSON parse error from /tmp/parser-output.txt (request req-analysis-123)"
    [35mprovider[39m: "openrouter"
[03:28:43.813] [32mINFO[39m (9329): [36mrequest completed[39m
    [35mreq[39m: {
      "id": 61,
      "method": "POST",
      "url": "/api/ai/projects/8976bd2a-7392-46cf-9b4d-17af6a465011/analyze"
    }
    [35mres[39m: {
      "statusCode": 422
    }
    [35mresponseTime[39m: 9
[03:28:43.830] [32mINFO[39m (9329): [36mprovider selection complete (quality-ordered)[39m
    [35mscope[39m: "provider-selection"
    [35maction[39m: "collect_available_providers"
    [35mqualityProfile[39m: "analysis"
    [35mrequireTools[39m: false
    [35mavailable[39m: [
      "openrouter",
      "groq"
    ]
    [35mskipped[39m: [
      {
        "provider": "gemini",
        "reason": "no_api_key"
      },
      {
        "provider": "deepseek",
        "reason": "no_api_key"
      }
    ]
    [35mfinalOrder[39m: [
      "openrouter",
      "groq"
    ]
[03:28:43.830] [32mINFO[39m (9329): [36mresolved primary provider: openrouter[39m
    [35mscope[39m: "provider-selection"
    [35maction[39m: "resolve_provider"
    [35mselected[39m: "openrouter"
    [35mrequireTools[39m: false
    [35mqualityProfile[39m: "analysis"
[03:28:43.830] [33mWARN[39m (9329): [36mproject rootPath is inaccessible — file tools disabled[39m
    [35mscope[39m: "rootpath-validator"
    [35mcode[39m: "ROOTPATH_NOT_ACCESSIBLE"
    [35mprojectId[39m: "ba45d98e-40ee-448d-8db5-87cd212f9300"
    [35mrootPath[39m: "/tmp/ai-test-ba45d98e-40ee-448d-8db5-87cd212f9300"
[03:28:43.838] [32mINFO[39m (9329): [36mprovider selection complete (quality-ordered)[39m
    [35mscope[39m: "provider-selection"
    [35maction[39m: "collect_available_providers"
    [35mqualityProfile[39m: "analysis"
    [35mrequireTools[39m: false
    [35mavailable[39m: [
      "openrouter",
      "groq"
    ]
    [35mskipped[39m: [
      {
        "provider": "gemini",
        "reason": "no_api_key"
      },
      {
        "provider": "deepseek",
        "reason": "no_api_key"
      }
    ]
    [35mfinalOrder[39m: [
      "openrouter",
      "groq"
    ]
[03:28:43.843] [32mINFO[39m (9329): [36mAI scan analysis stream completed[39m
    [35mprojectId[39m: "ba45d98e-40ee-448d-8db5-87cd212f9300"
    [35mprovider[39m: "openrouter"
[03:28:43.843] [32mINFO[39m (9329): [36mrequest completed[39m
    [35mreq[39m: {
      "id": 62,
      "method": "POST",
      "url": "/api/ai/projects/ba45d98e-40ee-448d-8db5-87cd212f9300/analyze/stream"
    }
    [35mres[39m: {
      "statusCode": 200
    }
    [35mresponseTime[39m: 17
[03:28:43.861] [33mWARN[39m (9329): [36mproject rootPath is inaccessible — file tools disabled[39m
    [35mscope[39m: "rootpath-validator"
    [35mcode[39m: "ROOTPATH_NOT_ACCESSIBLE"
    [35mprojectId[39m: "3cf382e8-91ee-4875-99ed-6b6428761a60"
    [35mrootPath[39m: "/tmp/ai-test-3cf382e8-91ee-4875-99ed-6b6428761a60"
[03:28:43.861] [32mINFO[39m (9329): [36mAI code review requested[39m
    [35mprojectId[39m: "3cf382e8-91ee-4875-99ed-6b6428761a60"
[03:28:43.867] [32mINFO[39m (9329): [36mprovider selection complete (quality-ordered)[39m
    [35mscope[39m: "provider-selection"
    [35maction[39m: "collect_available_providers"
    [35mqualityProfile[39m: "code_review"
    [35mrequireTools[39m: false
    [35mavailable[39m: [
      "openrouter",
      "groq"
    ]
    [35mskipped[39m: [
      {
        "provider": "gemini",
        "reason": "no_api_key"
      },
      {
        "provider": "deepseek",
        "reason": "no_api_key"
      }
    ]
    [35mfinalOrder[39m: [
      "openrouter",
      "groq"
    ]
[03:28:43.867] [32mINFO[39m (9329): [36mresolved primary provider: openrouter[39m
    [35mscope[39m: "provider-selection"
    [35maction[39m: "resolve_provider"
    [35mselected[39m: "openrouter"
    [35mrequireTools[39m: false
    [35mqualityProfile[39m: "code_review"
[03:28:43.869] [32mINFO[39m (9329): [36mprovider selection complete (quality-ordered)[39m
    [35mscope[39m: "provider-selection"
    [35maction[39m: "collect_available_providers"
    [35mqualityProfile[39m: "code_review"
    [35mrequireTools[39m: false
    [35mavailable[39m: [
      "openrouter",
      "groq"
    ]
    [35mskipped[39m: [
      {
        "provider": "gemini",
        "reason": "no_api_key"
      },
      {
        "provider": "deepseek",
        "reason": "no_api_key"
      }
    ]
    [35mfinalOrder[39m: [
      "openrouter",
      "groq"
    ]
[03:28:43.873] [32mINFO[39m (9329): [36mrequest completed[39m
    [35mreq[39m: {
      "id": 63,
      "method": "POST",
      "url": "/api/ai/projects/3cf382e8-91ee-4875-99ed-6b6428761a60/review"
    }
    [35mres[39m: {
      "statusCode": 200
    }
    [35mresponseTime[39m: 13
···[03:28:43.892] [33mWARN[39m (9329): [36mproject rootPath is inaccessible — file tools disabled[39m
    [35mscope[39m: "rootpath-validator"
    [35mcode[39m: "ROOTPATH_NOT_ACCESSIBLE"
    [35mprojectId[39m: "e25f2501-fc11-4cfb-92d4-787d2d8134ba"
    [35mrootPath[39m: "/tmp/ai-test-e25f2501-fc11-4cfb-92d4-787d2d8134ba"
[03:28:43.892] [32mINFO[39m (9329): [36mAI code review requested[39m
    [35mprojectId[39m: "e25f2501-fc11-4cfb-92d4-787d2d8134ba"
[03:28:43.897] [32mINFO[39m (9329): [36mprovider selection complete (quality-ordered)[39m
    [35mscope[39m: "provider-selection"
    [35maction[39m: "collect_available_providers"
    [35mqualityProfile[39m: "code_review"
    [35mrequireTools[39m: false
    [35mavailable[39m: [
      "openrouter",
      "groq"
    ]
    [35mskipped[39m: [
      {
        "provider": "gemini",
        "reason": "no_api_key"
      },
      {
        "provider": "deepseek",
        "reason": "no_api_key"
      }
    ]
    [35mfinalOrder[39m: [
      "openrouter",
      "groq"
    ]
[03:28:43.897] [32mINFO[39m (9329): [36mresolved primary provider: openrouter[39m
    [35mscope[39m: "provider-selection"
    [35maction[39m: "resolve_provider"
    [35mselected[39m: "openrouter"
    [35mrequireTools[39m: false
    [35mqualityProfile[39m: "code_review"
[03:28:43.898] [32mINFO[39m (9329): [36mprovider selection complete (quality-ordered)[39m
    [35mscope[39m: "provider-selection"
    [35maction[39m: "collect_available_providers"
    [35mqualityProfile[39m: "code_review"
    [35mrequireTools[39m: false
    [35mavailable[39m: [
      "openrouter",
      "groq"
    ]
    [35mskipped[39m: [
      {
        "provider": "gemini",
        "reason": "no_api_key"
      },
      {
        "provider": "deepseek",
        "reason": "no_api_key"
      }
    ]
    [35mfinalOrder[39m: [
      "openrouter",
      "groq"
    ]
[03:28:43.902] [32mINFO[39m (9329): [36mrequest completed[39m
    [35mreq[39m: {
      "id": 64,
      "method": "POST",
      "url": "/api/ai/projects/e25f2501-fc11-4cfb-92d4-787d2d8134ba/review"
    }
    [35mres[39m: {
      "statusCode": 200
    }
    [35mresponseTime[39m: 14
[03:28:43.922] [33mWARN[39m (9329): [36mproject rootPath is inaccessible — file tools disabled[39m
    [35mscope[39m: "rootpath-validator"
    [35mcode[39m: "ROOTPATH_NOT_ACCESSIBLE"
    [35mprojectId[39m: "c553b57f-aa98-47b4-b387-9d380b3d38b7"
    [35mrootPath[39m: "/tmp/ai-test-c553b57f-aa98-47b4-b387-9d380b3d38b7"
[03:28:43.922] [32mINFO[39m (9329): [36mAI code review requested[39m
    [35mprojectId[39m: "c553b57f-aa98-47b4-b387-9d380b3d38b7"
[03:28:43.927] [32mINFO[39m (9329): [36mprovider selection complete (quality-ordered)[39m
    [35mscope[39m: "provider-selection"
    [35maction[39m: "collect_available_providers"
    [35mqualityProfile[39m: "code_review"
    [35mrequireTools[39m: false
    [35mavailable[39m: [
      "openrouter",
      "groq"
    ]
    [35mskipped[39m: [
      {
        "provider": "gemini",
        "reason": "no_api_key"
      },
      {
        "provider": "deepseek",
        "reason": "no_api_key"
      }
    ]
    [35mfinalOrder[39m: [
      "openrouter",
      "groq"
    ]
[03:28:43.927] [32mINFO[39m (9329): [36mresolved primary provider: openrouter[39m
    [35mscope[39m: "provider-selection"
    [35maction[39m: "resolve_provider"
    [35mselected[39m: "openrouter"
    [35mrequireTools[39m: false
    [35mqualityProfile[39m: "code_review"
[03:28:43.929] [32mINFO[39m (9329): [36mprovider selection complete (quality-ordered)[39m
    [35mscope[39m: "provider-selection"
    [35maction[39m: "collect_available_providers"
    [35mqualityProfile[39m: "code_review"
    [35mrequireTools[39m: false
    [35mavailable[39m: [
      "openrouter",
      "groq"
    ]
    [35mskipped[39m: [
      {
        "provider": "gemini",
        "reason": "no_api_key"
      },
      {
        "provider": "deepseek",
        "reason": "no_api_key"
      }
    ]
    [35mfinalOrder[39m: [
      "openrouter",
      "groq"
    ]
[03:28:43.929] [33mWARN[39m (9329): [36mcode-reviewer: parse error[39m
    [35mprojectId[39m: "c553b57f-aa98-47b4-b387-9d380b3d38b7"
    [35mparseCode[39m: "SCHEMA_VALIDATION_FAILED"
    [35mmessage[39m: "missing field"
    [35mprovider[39m: "openrouter"
[03:28:43.930] [32mINFO[39m (9329): [36mrequest completed[39m
    [35mreq[39m: {
      "id": 65,
      "method": "POST",
      "url": "/api/ai/projects/c553b57f-aa98-47b4-b387-9d380b3d38b7/review"
    }
    [35mres[39m: {
      "statusCode": 422
    }
    [35mresponseTime[39m: 10
[03:28:43.949] [32mINFO[39m (9329): [36mprovider selection complete (quality-ordered)[39m
    [35mscope[39m: "provider-selection"
    [35maction[39m: "collect_available_providers"
    [35mqualityProfile[39m: "code_review"
    [35mrequireTools[39m: false
    [35mavailable[39m: [
      "openrouter",
      "groq"
    ]
    [35mskipped[39m: [
      {
        "provider": "gemini",
        "reason": "no_api_key"
      },
      {
        "provider": "deepseek",
        "reason": "no_api_key"
      }
    ]
    [35mfinalOrder[39m: [
      "openrouter",
      "groq"
    ]
[03:28:43.949] [32mINFO[39m (9329): [36mresolved primary provider: openrouter[39m
    [35mscope[39m: "provider-selection"
    [35maction[39m: "resolve_provider"
    [35mselected[39m: "openrouter"
    [35mrequireTools[39m: false
    [35mqualityProfile[39m: "code_review"
[03:28:43.949] [33mWARN[39m (9329): [36mproject rootPath is inaccessible — file tools disabled[39m
    [35mscope[39m: "rootpath-validator"
    [35mcode[39m: "ROOTPATH_NOT_ACCESSIBLE"
    [35mprojectId[39m: "2b592f45-c84e-45b8-b1c8-b0d7f335f7be"
    [35mrootPath[39m: "/tmp/ai-test-2b592f45-c84e-45b8-b1c8-b0d7f335f7be"
[03:28:43.954] [32mINFO[39m (9329): [36mprovider selection complete (quality-ordered)[39m
    [35mscope[39m: "provider-selection"
    [35maction[39m: "collect_available_providers"
    [35mqualityProfile[39m: "code_review"
    [35mrequireTools[39m: false
    [35mavailable[39m: [
      "openrouter",
      "groq"
    ]
    [35mskipped[39m: [
      {
        "provider": "gemini",
        "reason": "no_api_key"
      },
      {
        "provider": "deepseek",
        "reason": "no_api_key"
      }
    ]
    [35mfinalOrder[39m: [
      "openrouter",
      "groq"
    ]
[03:28:43.958] [32mINFO[39m (9329): [36mAI code review stream completed[39m
    [35mprojectId[39m: "2b592f45-c84e-45b8-b1c8-b0d7f335f7be"
    [35mprovider[39m: "openrouter"
[03:28:43.958] [32mINFO[39m (9329): [36mrequest completed[39m
    [35mreq[39m: {
      "id": 66,
      "method": "POST",
      "url": "/api/ai/projects/2b592f45-c84e-45b8-b1c8-b0d7f335f7be/review/stream"
    }
    [35mres[39m: {
      "statusCode": 200
    }
    [35mresponseTime[39m: 13
[03:28:43.979] [32mINFO[39m (9329): [36mrequest completed[39m
    [35mreq[39m: {
      "id": 67,
      "method": "POST",
      "url": "/api/ai/workflows/2246ac73-3635-48f4-ae3d-30a8f874ffb4/orchestrate"
    }
    [35mres[39m: {
      "statusCode": 404
    }
    [35mresponseTime[39m: 3
·····[03:28:43.996] [32mINFO[39m (9329): [36mprovider selection complete (quality-ordered)[39m
    [35mscope[39m: "provider-selection"
    [35maction[39m: "collect_available_providers"
    [35mqualityProfile[39m: "workflow"
    [35mrequireTools[39m: false
    [35mavailable[39m: [
      "openrouter",
      "groq"
    ]
    [35mskipped[39m: [
      {
        "provider": "gemini",
        "reason": "no_api_key"
      },
      {
        "provider": "deepseek",
        "reason": "no_api_key"
      }
    ]
    [35mfinalOrder[39m: [
      "openrouter",
      "groq"
    ]
[03:28:43.996] [32mINFO[39m (9329): [36mresolved primary provider: openrouter[39m
    [35mscope[39m: "provider-selection"
    [35maction[39m: "resolve_provider"
    [35mselected[39m: "openrouter"
    [35mrequireTools[39m: false
    [35mqualityProfile[39m: "workflow"
[03:28:44.012] [32mINFO[39m (9329): [36mAI workflow orchestration decision[39m
    [35mworkflowId[39m: "4dd7a686-0d39-499d-b57c-e8676bec5962"
    [35mdecision[39m: {
      "action": "advance",
      "reasoning": "All conditions met",
      "nextPhase": "Phase 2"
    }
[03:28:44.021] [32mINFO[39m (9329): [36mrequest completed[39m
    [35mreq[39m: {
      "id": 68,
      "method": "POST",
      "url": "/api/ai/workflows/4dd7a686-0d39-499d-b57c-e8676bec5962/orchestrate"
    }
    [35mres[39m: {
      "statusCode": 200
    }
    [35mresponseTime[39m: 33
[03:28:44.051] [32mINFO[39m (9329): [36mprovider selection complete (quality-ordered)[39m
    [35mscope[39m: "provider-selection"
    [35maction[39m: "collect_available_providers"
    [35mqualityProfile[39m: "workflow"
    [35mrequireTools[39m: false
    [35mavailable[39m: [
      "openrouter",
      "groq"
    ]
    [35mskipped[39m: [
      {
        "provider": "gemini",
        "reason": "no_api_key"
      },
      {
        "provider": "deepseek",
        "reason": "no_api_key"
      }
    ]
    [35mfinalOrder[39m: [
      "openrouter",
      "groq"
    ]
[03:28:44.051] [32mINFO[39m (9329): [36mresolved primary provider: openrouter[39m
    [35mscope[39m: "provider-selection"
    [35maction[39m: "resolve_provider"
    [35mselected[39m: "openrouter"
    [35mrequireTools[39m: false
    [35mqualityProfile[39m: "workflow"
[03:28:44.067] [32mINFO[39m (9329): [36mAI workflow orchestration decision[39m
    [35mworkflowId[39m: "571d9757-2ec8-483f-8224-7c1e28af9c79"
    [35mdecision[39m: {
      "action": "advance",
      "reasoning": "All conditions met",
      "nextPhase": "Phase 2"
    }
[03:28:44.076] [32mINFO[39m (9329): [36mrequest completed[39m
    [35mreq[39m: {
      "id": 69,
      "method": "POST",
      "url": "/api/ai/workflows/571d9757-2ec8-483f-8224-7c1e28af9c79/orchestrate"
    }
    [35mres[39m: {
      "statusCode": 200
    }
    [35mresponseTime[39m: 30
·[03:28:44.104] [32mINFO[39m (9329): [36mprovider selection complete (quality-ordered)[39m
    [35mscope[39m: "provider-selection"
    [35maction[39m: "collect_available_providers"
    [35mqualityProfile[39m: "workflow"
    [35mrequireTools[39m: false
    [35mavailable[39m: [
      "openrouter",
      "groq"
    ]
    [35mskipped[39m: [
      {
        "provider": "gemini",
        "reason": "no_api_key"
      },
      {
        "provider": "deepseek",
        "reason": "no_api_key"
      }
    ]
    [35mfinalOrder[39m: [
      "openrouter",
      "groq"
    ]
[03:28:44.104] [32mINFO[39m (9329): [36mresolved primary provider: openrouter[39m
    [35mscope[39m: "provider-selection"
    [35maction[39m: "resolve_provider"
    [35mselected[39m: "openrouter"
    [35mrequireTools[39m: false
    [35mqualityProfile[39m: "workflow"
[03:28:44.122] [32mINFO[39m (9329): [36mrequest completed[39m
    [35mreq[39m: {
      "id": 70,
      "method": "POST",
      "url": "/api/ai/workflows/1c15fddf-81d1-43d2-b2e6-0a9643869c9b/orchestrate"
    }
    [35mres[39m: {
      "statusCode": 422
    }
    [35mresponseTime[39m: 23
[03:28:44.145] [32mINFO[39m (9329): [36mrequest completed[39m
    [35mreq[39m: {
      "id": 71,
      "method": "POST",
      "url": "/api/workflows"
    }
    [35mres[39m: {
      "statusCode": 201
    }
    [35mresponseTime[39m: 9
[03:28:44.172] [32mINFO[39m (9329): [36mrequest completed[39m
    [35mreq[39m: {
      "id": 72,
      "method": "POST",
      "url": "/api/workflows/c10cdac9-2286-4454-973c-d9eb7cb90ed0/start"
    }
    [35mres[39m: {
      "statusCode": 202
    }
    [35mresponseTime[39m: 25
[03:28:44.183] [32mINFO[39m (9329): [36mprovider selection complete (quality-ordered)[39m
    [35mscope[39m: "provider-selection"
    [35maction[39m: "collect_available_providers"
    [35mqualityProfile[39m: "workflow"
    [35mrequireTools[39m: false
    [35mavailable[39m: [
      "openrouter",
      "groq"
    ]
    [35mskipped[39m: [
      {
        "provider": "gemini",
        "reason": "no_api_key"
      },
      {
        "provider": "deepseek",
        "reason": "no_api_key"
      }
    ]
    [35mfinalOrder[39m: [
      "openrouter",
      "groq"
    ]
[03:28:44.183] [32mINFO[39m (9329): [36mresolved primary provider: openrouter[39m
    [35mscope[39m: "provider-selection"
    [35maction[39m: "resolve_provider"
    [35mselected[39m: "openrouter"
    [35mrequireTools[39m: false
    [35mqualityProfile[39m: "workflow"
··[03:28:44.208] [32mINFO[39m (9329): [36mAI workflow orchestration decision[39m
    [35mworkflowId[39m: "c10cdac9-2286-4454-973c-d9eb7cb90ed0"
    [35mdecision[39m: {
      "action": "advance",
      "reasoning": "All conditions met",
      "nextPhase": "Phase 2"
    }
[03:28:44.217] [32mINFO[39m (9329): [36mrequest completed[39m
    [35mreq[39m: {
      "id": 73,
      "method": "POST",
      "url": "/api/ai/workflows/c10cdac9-2286-4454-973c-d9eb7cb90ed0/orchestrate"
    }
    [35mres[39m: {
      "statusCode": 200
    }
    [35mresponseTime[39m: 41
[03:28:44.248] [32mINFO[39m (9329): [36mrequest completed[39m
    [35mreq[39m: {
      "id": 74,
      "method": "POST",
      "url": "/api/workflows/c10cdac9-2286-4454-973c-d9eb7cb90ed0/advance"
    }
    [35mres[39m: {
      "statusCode": 200
    }
    [35mresponseTime[39m: 28
[03:28:44.274] [32mINFO[39m (9329): [36mprovider selection complete (quality-ordered)[39m
    [35mscope[39m: "provider-selection"
    [35maction[39m: "collect_available_providers"
    [35mqualityProfile[39m: "workflow"
    [35mrequireTools[39m: false
    [35mavailable[39m: [
      "openrouter",
      "groq"
    ]
    [35mskipped[39m: [
      {
        "provider": "gemini",
        "reason": "no_api_key"
      },
      {
        "provider": "deepseek",
        "reason": "no_api_key"
      }
    ]
    [35mfinalOrder[39m: [
      "openrouter",
      "groq"
    ]
[03:28:44.274] [32mINFO[39m (9329): [36mresolved primary provider: openrouter[39m
    [35mscope[39m: "provider-selection"
    [35maction[39m: "resolve_provider"
    [35mselected[39m: "openrouter"
    [35mrequireTools[39m: false
    [35mqualityProfile[39m: "workflow"
·[03:28:44.291] [31mERROR[39m (9329): [36mAI orchestrator request failed[39m
    [35mprojectId[39m: "93c10bc2-ff9a-4727-89ef-bb0b6fc025ce"
    [35moperation[39m: "workflow-orchestration"
    [35mprovider[39m: "openrouter"
    err: {
      "type": "GroqClientError",
      "message": "provider request req-secret failed at /srv/provider/workflow.ts",
      "stack":
          GroqClientError: provider request req-secret failed at /srv/provider/workflow.ts
              at /home/runner/workspace/artifacts/api-server/src/routes/ai.test.ts:2483:7
              at processTicksAndRejections (node:internal/process/task_queues:95:5)
              at file:///home/runner/workspace/node_modules/.pnpm/@vitest+runner@4.1.10/node_modules/@vitest/runner/dist/chunk-artifact.js:1903:20
      "code": "TIMEOUT",
      "name": "GroqClientError"
    }
[03:28:44.292] [32mINFO[39m (9329): [36mrequest errored[39m
    [35mreq[39m: {
      "id": 75,
      "method": "POST",
      "url": "/api/ai/workflows/86695e08-6151-440b-9257-74fa9cd78458/orchestrate"
    }
    [35mres[39m: {
      "statusCode": 503
    }
    [35mresponseTime[39m: 23
    err: {
      "type": "Error",
      "message": "failed with status code 503",
      "stack":
          Error: failed with status code 503
              at onResFinished (/home/runner/workspace/node_modules/.pnpm/pino-http@10.5.0/node_modules/pino-http/logger.js:115:39)
              at ServerResponse.onResponseComplete (/home/runner/workspace/node_modules/.pnpm/pino-http@10.5.0/node_modules/pino-http/logger.js:178:14)
              at ServerResponse.emit (node:events:536:35)
              at onFinish (node:_http_outgoing:1031:10)
              at callback (node:internal/streams/writable:766:21)
              at afterWrite (node:internal/streams/writable:710:5)
              at afterWriteTick (node:internal/streams/writable:696:10)
              at processTicksAndRejections (node:internal/process/task_queues:81:21)
    }
[03:28:44.328] [32mINFO[39m (9329): [36mrequest completed[39m
    [35mreq[39m: {
      "id": 76,
      "method": "POST",
      "url": "/api/ai/chat/plans/a015f261-c2b6-4159-b69c-8e2849e6f91d/decision"
    }
    [35mres[39m: {
      "statusCode": 200
    }
    [35mresponseTime[39m: 12
[03:28:44.361] [32mINFO[39m (9329): [36mrequest completed[39m
    [35mreq[39m: {
      "id": 77,
      "method": "POST",
      "url": "/api/ai/chat/plans/391a7b8b-4707-459f-9ad3-b370f4f55451/decision"
    }
    [35mres[39m: {
      "statusCode": 200
    }
    [35mresponseTime[39m: 11
[03:28:44.367] [32mINFO[39m (9329): [36mrequest completed[39m
    [35mreq[39m: {
      "id": 78,
      "method": "POST",
      "url": "/api/ai/chat/plans/391a7b8b-4707-459f-9ad3-b370f4f55451/decision"
    }
    [35mres[39m: {
      "statusCode": 409
    }
    [35mresponseTime[39m: 4
···[03:28:44.397] [32mINFO[39m (9329): [36mrequest completed[39m
    [35mreq[39m: {
      "id": 79,
      "method": "POST",
      "url": "/api/ai/chat/plans/b66d6bfe-38e6-4fd6-aa68-3aa0840f7690/decision"
    }
    [35mres[39m: {
      "statusCode": 409
    }
    [35mresponseTime[39m: 3
[03:28:44.413] [32mINFO[39m (9329): [36mrequest completed[39m
    [35mreq[39m: {
      "id": 80,
      "method": "POST",
      "url": "/api/ai/chat/plans/71c7f512-0ac1-48e7-af3f-564c83df458f/decision"
    }
    [35mres[39m: {
      "statusCode": 400
    }
    [35mresponseTime[39m: 0
[03:28:44.417] [32mINFO[39m (9329): [36mrequest completed[39m
    [35mreq[39m: {
      "id": 81,
      "method": "DELETE",
      "url": "/api/ai/chat/proposals/34a0bab3-6d6e-4ea7-9dd6-c60b14f9928b"
    }
    [35mres[39m: {
      "statusCode": 404
    }
    [35mresponseTime[39m: 1
[03:28:44.451] [32mINFO[39m (9329): [36mrequest completed[39m
    [35mreq[39m: {
      "id": 84,
      "method": "DELETE",
      "url": "/api/ai/chat/proposals/672aa1fd-cc70-465e-b6f8-55365fa3b919"
    }
    [35mres[39m: {
      "statusCode": 404
    }
    [35mresponseTime[39m: 4
[03:28:44.452] [32mINFO[39m (9329): [36mrequest completed[39m
    [35mreq[39m: {
      "id": 83,
      "method": "POST",
      "url": "/api/ai/chat/proposals/672aa1fd-cc70-465e-b6f8-55365fa3b919/approve"
    }
    [35mres[39m: {
      "statusCode": 404
    }
    [35mresponseTime[39m: 7
[03:28:44.454] [32mINFO[39m (9329): [36mrequest completed[39m
    [35mreq[39m: {
      "id": 82,
      "method": "POST",
      "url": "/api/ai/chat/apply-changes"
    }
    [35mres[39m: {
      "statusCode": 404
    }
    [35mresponseTime[39m: 10
[03:28:44.460] [32mINFO[39m (9329): [36mrequest completed[39m
    [35mreq[39m: {
      "id": 86,
      "method": "POST",
      "url": "/api/ai/delivery/672aa1fd-cc70-465e-b6f8-55365fa3b919/discard"
    }
    [35mres[39m: {
      "statusCode": 404
    }
    [35mresponseTime[39m: 11
[03:28:44.461] [32mINFO[39m (9329): [36mrequest completed[39m
    [35mreq[39m: {
      "id": 85,
      "method": "POST",
      "url": "/api/ai/delivery/672aa1fd-cc70-465e-b6f8-55365fa3b919/resume-validation"
    }
    [35mres[39m: {
      "statusCode": 404
    }
    [35mresponseTime[39m: 13
····[03:28:44.501] [32mINFO[39m (9329): [36mrequest completed[39m
    [35mreq[39m: {
      "id": 87,
      "method": "GET",
      "url": "/api/ai/delivery/recoverable"
    }
    [35mres[39m: {
      "statusCode": 200
    }
    [35mresponseTime[39m: 3
[03:28:44.550] [32mINFO[39m (9329): [36mrequest completed[39m
    [35mreq[39m: {
      "id": 88,
      "method": "POST",
      "url": "/api/ai/delivery/4faae168-3cd4-4773-8b7c-1cb216082170/discard"
    }
    [35mres[39m: {
      "statusCode": 200
    }
    [35mresponseTime[39m: 8
[03:28:44.554] [32mINFO[39m (9329): [36mrequest completed[39m
    [35mreq[39m: {
      "id": 89,
      "method": "GET",
      "url": "/api/ai/delivery/recoverable"
    }
    [35mres[39m: {
      "statusCode": 200
    }
    [35mresponseTime[39m: 2
[03:28:44.592] [32mINFO[39m (9329): [36mrequest completed[39m
    [35mreq[39m: {
      "id": 90,
      "method": "POST",
      "url": "/api/ai/delivery/edc9c63b-67ce-4e48-a76a-df666509782e/resume-validation"
    }
    [35mres[39m: {
      "statusCode": 404
    }
    [35mresponseTime[39m: 2
[03:28:44.593] [32mINFO[39m (9329): [36mrequest completed[39m
    [35mreq[39m: {
      "id": 91,
      "method": "POST",
      "url": "/api/ai/delivery/edc9c63b-67ce-4e48-a76a-df666509782e/discard"
    }
    [35mres[39m: {
      "statusCode": 404
    }
    [35mresponseTime[39m: 2
··[03:28:44.646] [32mINFO[39m (9329): [36mrequest completed[39m
    [35mreq[39m: {
      "id": 92,
      "method": "GET",
      "url": "/api/ai/delivery/recoverable"
    }
    [35mres[39m: {
      "statusCode": 403
    }
    [35mresponseTime[39m: 2
[03:28:44.648] [32mINFO[39m (9329): [36mrequest completed[39m
    [35mreq[39m: {
      "id": 94,
      "method": "POST",
      "url": "/api/ai/delivery/3378a2d9-a85c-4331-a183-a7730e6bb615/discard"
    }
    [35mres[39m: {
      "statusCode": 403
    }
    [35mresponseTime[39m: 2
[03:28:44.648] [32mINFO[39m (9329): [36mrequest completed[39m
    [35mreq[39m: {
      "id": 93,
      "method": "POST",
      "url": "/api/ai/delivery/3378a2d9-a85c-4331-a183-a7730e6bb615/resume-validation"
    }
    [35mres[39m: {
      "statusCode": 403
    }
    [35mresponseTime[39m: 3
[03:28:44.684] [32mINFO[39m (9329): [36mrequest completed[39m
    [35mreq[39m: {
      "id": 95,
      "method": "POST",
      "url": "/api/ai/delivery/05a8c236-30a9-49f6-9c6b-dd671031f996/resume-validation"
    }
    [35mres[39m: {
      "statusCode": 409
    }
    [35mresponseTime[39m: 3
···[03:28:44.730] [32mINFO[39m (9329): [36mrequest completed[39m
    [35mreq[39m: {
      "id": 97,
      "method": "POST",
      "url": "/api/ai/delivery/7b8d0d7f-e41a-4395-a177-ebf8ead6e0e9/resume-validation"
    }
    [35mres[39m: {
      "statusCode": 200
    }
    [35mresponseTime[39m: 8
[03:28:44.732] [32mINFO[39m (9329): [36mrequest completed[39m
    [35mreq[39m: {
      "id": 96,
      "method": "POST",
      "url": "/api/ai/delivery/7b8d0d7f-e41a-4395-a177-ebf8ead6e0e9/resume-validation"
    }
    [35mres[39m: {
      "statusCode": 200
    }
    [35mresponseTime[39m: 10
[03:28:44.735] [32mINFO[39m (9329): [36mrequest completed[39m
    [35mreq[39m: {
      "id": 98,
      "method": "POST",
      "url": "/api/ai/delivery/7b8d0d7f-e41a-4395-a177-ebf8ead6e0e9/resume-validation"
    }
    [35mres[39m: {
      "statusCode": 200
    }
    [35mresponseTime[39m: 12
[03:28:44.777] [32mINFO[39m (9329): [36mrequest completed[39m
    [35mreq[39m: {
      "id": 99,
      "method": "POST",
      "url": "/api/ai/delivery/fc3737ff-5f98-4a0f-be29-7bbff1cfd1f7/discard"
    }
    [35mres[39m: {
      "statusCode": 200
    }
    [35mresponseTime[39m: 8
[03:28:44.779] [32mINFO[39m (9329): [36mrequest completed[39m
    [35mreq[39m: {
      "id": 100,
      "method": "POST",
      "url": "/api/ai/delivery/fc3737ff-5f98-4a0f-be29-7bbff1cfd1f7/discard"
    }
    [35mres[39m: {
      "statusCode": 200
    }
    [35mresponseTime[39m: 8
[03:28:44.780] [32mINFO[39m (9329): [36mrequest completed[39m
    [35mreq[39m: {
      "id": 101,
      "method": "POST",
      "url": "/api/ai/delivery/fc3737ff-5f98-4a0f-be29-7bbff1cfd1f7/discard"
    }
    [35mres[39m: {
      "statusCode": 200
    }
    [35mresponseTime[39m: 8
[03:28:44.798] [32mINFO[39m (9329): [36mrequest completed[39m
    [35mreq[39m: {
      "id": 102,
      "method": "POST",
      "url": "/api/ai/chat/apply-changes"
    }
    [35mres[39m: {
      "statusCode": 400
    }
    [35mresponseTime[39m: 0
[03:28:44.808] [32mINFO[39m (9329): [36mrequest completed[39m
    [35mreq[39m: {
      "id": 103,
      "method": "POST",
      "url": "/api/ai/chat/apply-changes"
    }
    [35mres[39m: {
      "statusCode": 400
    }
    [35mresponseTime[39m: 1
·····[03:28:46.653] [32mINFO[39m (9329): [36mrequest completed[39m
    [35mreq[39m: {
      "id": 104,
      "method": "POST",
      "url": "/api/ai/chat/apply-changes"
    }
    [35mres[39m: {
      "statusCode": 207
    }
    [35mresponseTime[39m: 1832
·