
 RUN  v4.1.10 /home/runner/workspace/artifacts/api-server

·················[03:13:51.008] [32mINFO[39m (7904): [36mrequest completed[39m
    [35mreq[39m: {
      "id": 1,
      "method": "POST",
      "url": "/api/ai/chat"
    }
    [35mres[39m: {
      "statusCode": 400
    }
    [35mresponseTime[39m: 11
[03:13:51.015] [32mINFO[39m (7904): [36mrequest completed[39m
    [35mreq[39m: {
      "id": 2,
      "method": "POST",
      "url": "/api/ai/chat"
    }
    [35mres[39m: {
      "statusCode": 403
    }
    [35mresponseTime[39m: 0
[03:13:51.020] [32mINFO[39m (7904): [36mrequest completed[39m
    [35mreq[39m: {
      "id": 3,
      "method": "POST",
      "url": "/api/ai/chat"
    }
    [35mres[39m: {
      "statusCode": 400
    }
    [35mresponseTime[39m: 2
[03:13:51.025] [32mINFO[39m (7904): [36mrequest completed[39m
    [35mreq[39m: {
      "id": 4,
      "method": "POST",
      "url": "/api/ai/chat"
    }
    [35mres[39m: {
      "statusCode": 400
    }
    [35mresponseTime[39m: 1
[03:13:51.030] [32mINFO[39m (7904): [36mrequest completed[39m
    [35mreq[39m: {
      "id": 5,
      "method": "POST",
      "url": "/api/ai/chat"
    }
    [35mres[39m: {
      "statusCode": 400
    }
    [35mresponseTime[39m: 1
[03:13:51.124] [33mWARN[39m (7904): [36mproject rootPath is inaccessible — file tools disabled[39m
    [35mscope[39m: "rootpath-validator"
    [35mcode[39m: "ROOTPATH_NOT_ACCESSIBLE"
    [35mprojectId[39m: "a09e58f3-8930-42c8-89ac-6046ade2aa8f"
    [35mrootPath[39m: "/tmp/ai-test-a09e58f3-8930-42c8-89ac-6046ade2aa8f"
[03:13:51.132] [32mINFO[39m (7904): [36mprovider selection complete (quality-ordered)[39m
    [35mscope[39m: "provider-selection"
    [35maction[39m: "collect_available_providers"
    [35mqualityProfile[39m: "chat"
    [35mrequireTools[39m: false
    [35mavailable[39m: [
      "openrouter",
      "groq"
    ]
    [35mskipped[39m: [
      {
        "provider": "gemini",
        "reason": "no_api_key"
      },
      {
        "provider": "deepseek",
        "reason": "no_api_key"
      }
    ]
    [35mfinalOrder[39m: [
      "openrouter",
      "groq"
    ]
[03:13:51.132] [32mINFO[39m (7904): [36mresolved primary provider: openrouter[39m
    [35mscope[39m: "provider-selection"
    [35maction[39m: "resolve_provider"
    [35mselected[39m: "openrouter"
    [35mrequireTools[39m: false
    [35mqualityProfile[39m: "chat"
[03:13:51.132] [32mINFO[39m (7904): [36mchat: dispatching chatWithFallback[39m
    [35mscope[39m: "chat-route"
    [35maction[39m: "pre_chat_trace"
    [35mprovider[39m: "openrouter"
    [35msessionId[39m: null
    [35mprojectId[39m: "a09e58f3-8930-42c8-89ac-6046ade2aa8f"
    [35mlinkedTaskId[39m: null
    [35mtaskLoaded[39m: false
    [35mpromptMode[39m: "chat"
    [35mmessageCount[39m: 0
    [35mturnIntent[39m: "CHAT"
    [35mrequireTools[39m: false
    [35mrequiresEvidence[39m: false
    [35mqualityProfile[39m: "chat"
    [35mexecutionHandoff[39m: {
      "requested": false,
      "sessionId": null,
      "historyMessageCount": 0,
      "repairPlanCandidateCount": 0
    }
[03:13:51.135] [32mINFO[39m (7904): [36mprovider selection complete (quality-ordered)[39m
    [35mscope[39m: "provider-selection"
    [35maction[39m: "collect_available_providers"
    [35mqualityProfile[39m: "chat"
    [35mrequireTools[39m: false
    [35mavailable[39m: [
      "openrouter",
      "groq"
    ]
    [35mskipped[39m: [
      {
        "provider": "gemini",
        "reason": "no_api_key"
      },
      {
        "provider": "deepseek",
        "reason": "no_api_key"
      }
    ]
    [35mfinalOrder[39m: [
      "openrouter",
      "groq"
    ]
[03:13:51.136] [31mERROR[39m (7904): [36mAI orchestrator request failed[39m
    [35mprojectId[39m: "a09e58f3-8930-42c8-89ac-6046ade2aa8f"
    [35moperation[39m: "chat"
    [35mprovider[39m: "openrouter"
    err: {
      "type": "GroqClientError",
      "message": "provider catalog failure: OpenRouter request sk-or-v1-test-secret failed at /srv/provider/catalog.ts",
      "stack":
          GroqClientError: provider catalog failure: OpenRouter request sk-or-v1-test-secret failed at /srv/provider/catalog.ts
              at /home/runner/workspace/artifacts/api-server/src/routes/ai.test.ts:738:7
              at processTicksAndRejections (node:internal/process/task_queues:95:5)
              at file:///home/runner/workspace/node_modules/.pnpm/@vitest+runner@4.1.10/node_modules/@vitest/runner/dist/chunk-artifact.js:1903:20
      "code": "INVALID_CONFIG",
      "providerCode": "NO_COMPATIBLE_FREE_MODEL",
      "catalogStatus": "failed",
      "catalogError": "OpenRouter request sk-or-v1-test-secret failed at /srv/provider/catalog.ts",
      "name": "GroqClientError"
    }
[03:13:51.137] [32mINFO[39m (7904): [36mrequest errored[39m
    [35mreq[39m: {
      "id": 6,
      "method": "POST",
      "url": "/api/ai/chat"
    }
    [35mres[39m: {
      "statusCode": 503
    }
    [35mresponseTime[39m: 22
    err: {
      "type": "Error",
      "message": "failed with status code 503",
      "stack":
          Error: failed with status code 503
              at onResFinished (/home/runner/workspace/node_modules/.pnpm/pino-http@10.5.0/node_modules/pino-http/logger.js:115:39)
              at ServerResponse.onResponseComplete (/home/runner/workspace/node_modules/.pnpm/pino-http@10.5.0/node_modules/pino-http/logger.js:178:14)
              at ServerResponse.emit (node:events:536:35)
              at onFinish (node:_http_outgoing:1031:10)
              at callback (node:internal/streams/writable:766:21)
              at afterWrite (node:internal/streams/writable:710:5)
              at afterWriteTick (node:internal/streams/writable:696:10)
              at processTicksAndRejections (node:internal/process/task_queues:81:21)
    }
[03:13:51.173] [33mWARN[39m (7904): [36mproject rootPath is inaccessible — file tools disabled[39m
    [35mscope[39m: "rootpath-validator"
    [35mcode[39m: "ROOTPATH_NOT_ACCESSIBLE"
    [35mprojectId[39m: "f709e2df-f8f7-401f-9b29-593aacb887db"
    [35mrootPath[39m: "/tmp/ai-test-f709e2df-f8f7-401f-9b29-593aacb887db"
[03:13:51.177] [32mINFO[39m (7904): [36mprovider selection complete (quality-ordered)[39m
    [35mscope[39m: "provider-selection"
    [35maction[39m: "collect_available_providers"
    [35mqualityProfile[39m: "chat"
    [35mrequireTools[39m: false
    [35mavailable[39m: [
      "openrouter",
      "groq"
    ]
    [35mskipped[39m: [
      {
        "provider": "gemini",
        "reason": "no_api_key"
      },
      {
        "provider": "deepseek",
        "reason": "no_api_key"
      }
    ]
    [35mfinalOrder[39m: [
      "openrouter",
      "groq"
    ]
[03:13:51.177] [32mINFO[39m (7904): [36mresolved primary provider: openrouter[39m
    [35mscope[39m: "provider-selection"
    [35maction[39m: "resolve_provider"
    [35mselected[39m: "openrouter"
    [35mrequireTools[39m: false
    [35mqualityProfile[39m: "chat"
[03:13:51.177] [32mINFO[39m (7904): [36mchat: dispatching chatWithFallback[39m
    [35mscope[39m: "chat-route"
    [35maction[39m: "pre_chat_trace"
    [35mprovider[39m: "openrouter"
    [35msessionId[39m: null
    [35mprojectId[39m: "f709e2df-f8f7-401f-9b29-593aacb887db"
    [35mlinkedTaskId[39m: null
    [35mtaskLoaded[39m: false
    [35mpromptMode[39m: "chat"
    [35mmessageCount[39m: 0
    [35mturnIntent[39m: "CHAT"
    [35mrequireTools[39m: false
    [35mrequiresEvidence[39m: false
    [35mqualityProfile[39m: "chat"
    [35mexecutionHandoff[39m: {
      "requested": false,
      "sessionId": null,
      "historyMessageCount": 0,
      "repairPlanCandidateCount": 0
    }
[03:13:51.180] [32mINFO[39m (7904): [36mprovider selection complete (quality-ordered)[39m
    [35mscope[39m: "provider-selection"
    [35maction[39m: "collect_available_providers"
    [35mqualityProfile[39m: "chat"
    [35mrequireTools[39m: false
    [35mavailable[39m: [
      "openrouter",
      "groq"
    ]
    [35mskipped[39m: [
      {
        "provider": "gemini",
        "reason": "no_api_key"
      },
      {
        "provider": "deepseek",
        "reason": "no_api_key"
      }
    ]
    [35mfinalOrder[39m: [
      "openrouter",
      "groq"
    ]
[03:13:51.180] [31mERROR[39m (7904): [36mAI orchestrator request failed[39m
    [35mprojectId[39m: "f709e2df-f8f7-401f-9b29-593aacb887db"
    [35moperation[39m: "chat"
    [35mprovider[39m: "openrouter"
    err: {
      "type": "GroqClientError",
      "message": "provider catalog failure: OpenRouter request sk-or-v1-test-secret failed at /srv/provider/catalog.ts",
      "stack":
          GroqClientError: provider catalog failure: OpenRouter request sk-or-v1-test-secret failed at /srv/provider/catalog.ts
              at /home/runner/workspace/artifacts/api-server/src/routes/ai.test.ts:738:7
              at processTicksAndRejections (node:internal/process/task_queues:95:5)
              at file:///home/runner/workspace/node_modules/.pnpm/@vitest+runner@4.1.10/node_modules/@vitest/runner/dist/chunk-artifact.js:1903:20
      "code": "INVALID_CONFIG",
      "providerCode": "STALE_CONFIGURED_MODEL",
      "catalogStatus": "success",
      "catalogError": "OpenRouter request sk-or-v1-test-secret failed at /srv/provider/catalog.ts",
      "name": "GroqClientError"
    }
[03:13:51.181] [32mINFO[39m (7904): [36mrequest completed[39m
    [35mreq[39m: {
      "id": 7,
      "method": "POST",
      "url": "/api/ai/chat"
    }
    [35mres[39m: {
      "statusCode": 422
    }
    [35mresponseTime[39m: 13
[03:13:51.204] [33mWARN[39m (7904): [36mproject rootPath is inaccessible — file tools disabled[39m
    [35mscope[39m: "rootpath-validator"
    [35mcode[39m: "ROOTPATH_NOT_ACCESSIBLE"
    [35mprojectId[39m: "bca027b0-935e-438e-ac92-061be7486f38"
    [35mrootPath[39m: "/tmp/ai-test-bca027b0-935e-438e-ac92-061be7486f38"
[03:13:51.207] [32mINFO[39m (7904): [36mprovider selection complete (quality-ordered)[39m
    [35mscope[39m: "provider-selection"
    [35maction[39m: "collect_available_providers"
    [35mqualityProfile[39m: "chat"
    [35mrequireTools[39m: false
    [35mavailable[39m: [
      "openrouter",
      "groq"
    ]
    [35mskipped[39m: [
      {
        "provider": "gemini",
        "reason": "no_api_key"
      },
      {
        "provider": "deepseek",
        "reason": "no_api_key"
      }
    ]
    [35mfinalOrder[39m: [
      "openrouter",
      "groq"
    ]
[03:13:51.207] [32mINFO[39m (7904): [36mresolved primary provider: openrouter[39m
    [35mscope[39m: "provider-selection"
    [35maction[39m: "resolve_provider"
    [35mselected[39m: "openrouter"
    [35mrequireTools[39m: false
    [35mqualityProfile[39m: "chat"
[03:13:51.207] [32mINFO[39m (7904): [36mchat: dispatching chatWithFallback[39m
    [35mscope[39m: "chat-route"
    [35maction[39m: "pre_chat_trace"
    [35mprovider[39m: "openrouter"
    [35msessionId[39m: null
    [35mprojectId[39m: "bca027b0-935e-438e-ac92-061be7486f38"
    [35mlinkedTaskId[39m: null
    [35mtaskLoaded[39m: false
    [35mpromptMode[39m: "chat"
    [35mmessageCount[39m: 0
    [35mturnIntent[39m: "CHAT"
    [35mrequireTools[39m: false
    [35mrequiresEvidence[39m: false
    [35mqualityProfile[39m: "chat"
    [35mexecutionHandoff[39m: {
      "requested": false,
      "sessionId": null,
      "historyMessageCount": 0,
      "repairPlanCandidateCount": 0
    }
[03:13:51.210] [32mINFO[39m (7904): [36mprovider selection complete (quality-ordered)[39m
    [35mscope[39m: "provider-selection"
    [35maction[39m: "collect_available_providers"
    [35mqualityProfile[39m: "chat"
    [35mrequireTools[39m: false
    [35mavailable[39m: [
      "openrouter",
      "groq"
    ]
    [35mskipped[39m: [
      {
        "provider": "gemini",
        "reason": "no_api_key"
      },
      {
        "provider": "deepseek",
        "reason": "no_api_key"
      }
    ]
    [35mfinalOrder[39m: [
      "openrouter",
      "groq"
    ]
[03:13:51.210] [31mERROR[39m (7904): [36mAI orchestrator request failed[39m
    [35mprojectId[39m: "bca027b0-935e-438e-ac92-061be7486f38"
    [35moperation[39m: "chat"
    [35mprovider[39m: "openrouter"
    err: {
      "type": "GroqClientError",
      "message": "provider catalog failure: OpenRouter request sk-or-v1-test-secret failed at /srv/provider/catalog.ts",
      "stack":
          GroqClientError: provider catalog failure: OpenRouter request sk-or-v1-test-secret failed at /srv/provider/catalog.ts
              at /home/runner/workspace/artifacts/api-server/src/routes/ai.test.ts:738:7
              at processTicksAndRejections (node:internal/process/task_queues:95:5)
              at file:///home/runner/workspace/node_modules/.pnpm/@vitest+runner@4.1.10/node_modules/@vitest/runner/dist/chunk-artifact.js:1903:20
      "code": "INVALID_CONFIG",
      "providerCode": "NO_COMPATIBLE_FREE_MODEL",
      "catalogStatus": "success",
      "catalogError": "OpenRouter request sk-or-v1-test-secret failed at /srv/provider/catalog.ts",
      "name": "GroqClientError"
    }
[03:13:51.211] [32mINFO[39m (7904): [36mrequest errored[39m
    [35mreq[39m: {
      "id": 8,
      "method": "POST",
      "url": "/api/ai/chat"
    }
    [35mres[39m: {
      "statusCode": 503
    }
    [35mresponseTime[39m: 12
    err: {
      "type": "Error",
      "message": "failed with status code 503",
      "stack":
          Error: failed with status code 503
              at onResFinished (/home/runner/workspace/node_modules/.pnpm/pino-http@10.5.0/node_modules/pino-http/logger.js:115:39)
              at ServerResponse.onResponseComplete (/home/runner/workspace/node_modules/.pnpm/pino-http@10.5.0/node_modules/pino-http/logger.js:178:14)
              at ServerResponse.emit (node:events:536:35)
              at onFinish (node:_http_outgoing:1031:10)
              at callback (node:internal/streams/writable:766:21)
              at afterWrite (node:internal/streams/writable:710:5)
              at afterWriteTick (node:internal/streams/writable:696:10)
              at processTicksAndRejections (node:internal/process/task_queues:81:21)
    }
[03:13:51.226] [32mINFO[39m (7904): [36mrequest completed[39m
    [35mreq[39m: {
      "id": 9,
      "method": "POST",
      "url": "/api/ai/chat/apply-changes"
    }
    [35mres[39m: {
      "statusCode": 400
    }
    [35mresponseTime[39m: 4
[03:13:51.247] [32mINFO[39m (7904): [36mrequest completed[39m
    [35mreq[39m: {
      "id": 10,
      "method": "GET",
      "url": "/api/ai/chat/429ce830-3ebb-4494-8b2d-0bfb20f66328/pending-proposal"
    }
    [35mres[39m: {
      "statusCode": 200
    }
    [35mresponseTime[39m: 6
[03:13:51.282] [32mINFO[39m (7904): [36mrequest completed[39m
    [35mreq[39m: {
      "id": 11,
      "method": "POST",
      "url": "/api/ai/chat/apply-changes"
    }
    [35mres[39m: {
      "statusCode": 409
    }
    [35mresponseTime[39m: 4
[03:13:51.632] [31mERROR[39m (7904): [36mCannot copy a socket file: cp returned EINVAL (cannot copy a socket file: /home/runner/workspace/.engineeringos-delivery/7cb6bade-ad8b-446f-ab6b-ccd9ea2c118d/.org.chromium.Chromium.demGqb/SingletonSocket) /home/runner/workspace/.engineeringos-delivery/7cb6bade-ad8b-446f-ab6b-ccd9ea2c118d/.org.chromium.Chromium.demGqb/SingletonSocket[39m
    err: {
      "type": "NodeError",
      "message": "Cannot copy a socket file: cp returned EINVAL (cannot copy a socket file: /home/runner/workspace/.engineeringos-delivery/7cb6bade-ad8b-446f-ab6b-ccd9ea2c118d/.org.chromium.Chromium.demGqb/SingletonSocket) /home/runner/workspace/.engineeringos-delivery/7cb6bade-ad8b-446f-ab6b-ccd9ea2c118d/.org.chromium.Chromium.demGqb/SingletonSocket",
      "stack":
          SystemError: Cannot copy a socket file: cp returned EINVAL (cannot copy a socket file: /home/runner/workspace/.engineeringos-delivery/7cb6bade-ad8b-446f-ab6b-ccd9ea2c118d/.org.chromium.Chromium.demGqb/SingletonSocket) /home/runner/workspace/.engineeringos-delivery/7cb6bade-ad8b-446f-ab6b-ccd9ea2c118d/.org.chromium.Chromium.demGqb/SingletonSocket
              at getStatsForCopy (node:internal/fs/cp/cp:214:11)
              at copyDir (node:internal/fs/cp/cp:320:19)
              at mkDirAndCopy (node:internal/fs/cp/cp:309:3)
              at copyDir (node:internal/fs/cp/cp:320:19)
              at mkDirAndCopy (node:internal/fs/cp/cp:309:3)
              at createDeliveryWorkspace (/home/runner/workspace/artifacts/api-server/src/lib/delivery-workspace.ts:158:5)
              at /home/runner/workspace/artifacts/api-server/src/routes/ai/chat.ts:6139:31
      "code": "ERR_FS_CP_SOCKET",
      "info": {
        "type": "Object",
        "message": "cannot copy a socket file: /home/runner/workspace/.engineeringos-delivery/7cb6bade-ad8b-446f-ab6b-ccd9ea2c118d/.org.chromium.Chromium.demGqb/SingletonSocket",
        "stack":
            
        "path": "/home/runner/workspace/.engineeringos-delivery/7cb6bade-ad8b-446f-ab6b-ccd9ea2c118d/.org.chromium.Chromium.demGqb/SingletonSocket",
        "syscall": "cp",
        "errno": 22,
        "code": "EINVAL"
      },
      "errno": 22,
      "syscall": "cp",
      "path": "/home/runner/workspace/.engineeringos-delivery/7cb6bade-ad8b-446f-ab6b-ccd9ea2c118d/.org.chromium.Chromium.demGqb/SingletonSocket"
    }
[03:13:51.639] [32mINFO[39m (7904): [36mrequest errored[39m
    [35mreq[39m: {
      "id": 12,
      "method": "POST",
      "url": "/api/ai/chat/apply-changes"
    }
    [35mres[39m: {
      "statusCode": 500
    }
    [35mresponseTime[39m: 332
    err: {
      "type": "Error",
      "message": "failed with status code 500",
      "stack":
          Error: failed with status code 500
              at onResFinished (/home/runner/workspace/node_modules/.pnpm/pino-http@10.5.0/node_modules/pino-http/logger.js:115:39)
              at ServerResponse.onResponseComplete (/home/runner/workspace/node_modules/.pnpm/pino-http@10.5.0/node_modules/pino-http/logger.js:178:14)
              at ServerResponse.emit (node:events:536:35)
              at onFinish (node:_http_outgoing:1031:10)
              at callback (node:internal/streams/writable:766:21)
              at afterWrite (node:internal/streams/writable:710:5)
              at afterWriteTick (node:internal/streams/writable:696:10)
              at processTicksAndRejections (node:internal/process/task_queues:81:21)
    }
[03:13:51.694] [33mWARN[39m (7904): [36mproject rootPath is inaccessible — file tools disabled[39m
    [35mscope[39m: "rootpath-validator"
    [35mcode[39m: "ROOTPATH_NOT_ACCESSIBLE"
    [35mprojectId[39m: "69f696d1-c22f-4a89-9c3d-fa483f8d5b5b"
    [35mrootPath[39m: "/tmp/ai-test-69f696d1-c22f-4a89-9c3d-fa483f8d5b5b"
[03:13:51.697] [32mINFO[39m (7904): [36mprovider selection complete (quality-ordered)[39m
    [35mscope[39m: "provider-selection"
    [35maction[39m: "collect_available_providers"
    [35mqualityProfile[39m: "tool_chat"
    [35mrequireTools[39m: false
    [35mavailable[39m: [
      "openrouter",
      "groq"
    ]
    [35mskipped[39m: [
      {
        "provider": "gemini",
        "reason": "no_api_key"
      },
      {
        "provider": "deepseek",
        "reason": "no_api_key"
      }
    ]
    [35mfinalOrder[39m: [
      "openrouter",
      "groq"
    ]
[03:13:51.697] [32mINFO[39m (7904): [36mresolved primary provider: openrouter[39m
    [35mscope[39m: "provider-selection"
    [35maction[39m: "resolve_provider"
    [35mselected[39m: "openrouter"
    [35mrequireTools[39m: false
    [35mqualityProfile[39m: "tool_chat"
[03:13:51.697] [32mINFO[39m (7904): [36mchat: dispatching chatWithFallback[39m
    [35mscope[39m: "chat-route"
    [35maction[39m: "pre_chat_trace"
    [35mprovider[39m: "openrouter"
    [35msessionId[39m: null
    [35mprojectId[39m: "69f696d1-c22f-4a89-9c3d-fa483f8d5b5b"
    [35mlinkedTaskId[39m: null
    [35mtaskLoaded[39m: false
    [35mpromptMode[39m: "chat"
    [35mmessageCount[39m: 0
    [35mturnIntent[39m: "PROJECT_QUERY"
    [35mrequireTools[39m: false
    [35mrequiresEvidence[39m: false
    [35mqualityProfile[39m: "tool_chat"
    [35mexecutionHandoff[39m: {
      "requested": false,
      "sessionId": null,
      "historyMessageCount": 0,
      "repairPlanCandidateCount": 0
    }
[03:13:51.708] [32mINFO[39m (7904): [36mprovider selection complete (quality-ordered)[39m
    [35mscope[39m: "provider-selection"
    [35maction[39m: "collect_available_providers"
    [35mqualityProfile[39m: "tool_chat"
    [35mrequireTools[39m: false
    [35mavailable[39m: [
      "openrouter",
      "groq"
    ]
    [35mskipped[39m: [
      {
        "provider": "gemini",
        "reason": "no_api_key"
      },
      {
        "provider": "deepseek",
        "reason": "no_api_key"
      }
    ]
    [35mfinalOrder[39m: [
      "openrouter",
      "groq"
    ]
[03:13:51.719] [32mINFO[39m (7904): [36mrequest completed[39m
    [35mreq[39m: {
      "id": 13,
      "method": "POST",
      "url": "/api/ai/chat"
    }
    [35mres[39m: {
      "statusCode": 200
    }
    [35mresponseTime[39m: 35
[03:13:51.752] [33mWARN[39m (7904): [36mproject rootPath is inaccessible — file tools disabled[39m
    [35mscope[39m: "rootpath-validator"
    [35mcode[39m: "ROOTPATH_NOT_ACCESSIBLE"
    [35mprojectId[39m: "ecb006d8-f8e8-4a37-817a-d9947cb8f10f"
    [35mrootPath[39m: "/tmp/ai-test-ecb006d8-f8e8-4a37-817a-d9947cb8f10f"
[03:13:51.755] [32mINFO[39m (7904): [36mprovider selection complete (quality-ordered)[39m
    [35mscope[39m: "provider-selection"
    [35maction[39m: "collect_available_providers"
    [35mqualityProfile[39m: "tool_chat"
    [35mrequireTools[39m: false
    [35mavailable[39m: [
      "openrouter",
      "groq"
    ]
    [35mskipped[39m: [
      {
        "provider": "gemini",
        "reason": "no_api_key"
      },
      {
        "provider": "deepseek",
        "reason": "no_api_key"
      }
    ]
    [35mfinalOrder[39m: [
      "openrouter",
      "groq"
    ]
[03:13:51.755] [32mINFO[39m (7904): [36mresolved primary provider: openrouter[39m
    [35mscope[39m: "provider-selection"
    [35maction[39m: "resolve_provider"
    [35mselected[39m: "openrouter"
    [35mrequireTools[39m: false
    [35mqualityProfile[39m: "tool_chat"
[03:13:51.755] [32mINFO[39m (7904): [36mchat: dispatching chatWithFallback[39m
    [35mscope[39m: "chat-route"
    [35maction[39m: "pre_chat_trace"
    [35mprovider[39m: "openrouter"
    [35msessionId[39m: null
    [35mprojectId[39m: "ecb006d8-f8e8-4a37-817a-d9947cb8f10f"
    [35mlinkedTaskId[39m: null
    [35mtaskLoaded[39m: false
    [35mpromptMode[39m: "chat"
    [35mmessageCount[39m: 0
    [35mturnIntent[39m: "PROJECT_QUERY"
    [35mrequireTools[39m: false
    [35mrequiresEvidence[39m: false
    [35mqualityProfile[39m: "tool_chat"
    [35mexecutionHandoff[39m: {
      "requested": false,
      "sessionId": null,
      "historyMessageCount": 0,
      "repairPlanCandidateCount": 0
    }
[03:13:51.760] [32mINFO[39m (7904): [36mprovider selection complete (quality-ordered)[39m
    [35mscope[39m: "provider-selection"
    [35maction[39m: "collect_available_providers"
    [35mqualityProfile[39m: "tool_chat"
    [35mrequireTools[39m: false
    [35mavailable[39m: [
      "openrouter",
      "groq"
    ]
    [35mskipped[39m: [
      {
        "provider": "gemini",
        "reason": "no_api_key"
      },
      {
        "provider": "deepseek",
        "reason": "no_api_key"
      }
    ]
    [35mfinalOrder[39m: [
      "openrouter",
      "groq"
    ]
x·[03:13:51.767] [32mINFO[39m (7904): [36mrequest completed[39m
    [35mreq[39m: {
      "id": 14,
      "method": "POST",
      "url": "/api/ai/chat"
    }
    [35mres[39m: {
      "statusCode": 200
    }
    [35mresponseTime[39m: 20
[03:13:51.801] [33mWARN[39m (7904): [36mproject rootPath is inaccessible — file tools disabled[39m
    [35mscope[39m: "rootpath-validator"
    [35mcode[39m: "ROOTPATH_NOT_ACCESSIBLE"
    [35mprojectId[39m: "fd42ec1e-e116-4cd7-a152-128fee9d31e4"
    [35mrootPath[39m: "/tmp/ai-test-fd42ec1e-e116-4cd7-a152-128fee9d31e4"
[03:13:51.806] [32mINFO[39m (7904): [36mprovider selection complete (quality-ordered)[39m
    [35mscope[39m: "provider-selection"
    [35maction[39m: "collect_available_providers"
    [35mqualityProfile[39m: "chat"
    [35mrequireTools[39m: false
    [35mavailable[39m: [
      "openrouter",
      "groq"
    ]
    [35mskipped[39m: [
      {
        "provider": "gemini",
        "reason": "no_api_key"
      },
      {
        "provider": "deepseek",
        "reason": "no_api_key"
      }
    ]
    [35mfinalOrder[39m: [
      "openrouter",
      "groq"
    ]
[03:13:51.806] [32mINFO[39m (7904): [36mresolved primary provider: openrouter[39m
    [35mscope[39m: "provider-selection"
    [35maction[39m: "resolve_provider"
    [35mselected[39m: "openrouter"
    [35mrequireTools[39m: false
    [35mqualityProfile[39m: "chat"
[03:13:51.806] [32mINFO[39m (7904): [36mchat: dispatching chatWithFallback[39m
    [35mscope[39m: "chat-route"
    [35maction[39m: "pre_chat_trace"
    [35mprovider[39m: "openrouter"
    [35msessionId[39m: null
    [35mprojectId[39m: "fd42ec1e-e116-4cd7-a152-128fee9d31e4"
    [35mlinkedTaskId[39m: null
    [35mtaskLoaded[39m: false
    [35mpromptMode[39m: "chat"
    [35mmessageCount[39m: 0
    [35mturnIntent[39m: "CHAT"
    [35mrequireTools[39m: false
    [35mrequiresEvidence[39m: false
    [35mqualityProfile[39m: "chat"
    [35mexecutionHandoff[39m: {
      "requested": false,
      "sessionId": null,
      "historyMessageCount": 0,
      "repairPlanCandidateCount": 0
    }
[03:13:51.810] [32mINFO[39m (7904): [36mprovider selection complete (quality-ordered)[39m
    [35mscope[39m: "provider-selection"
    [35maction[39m: "collect_available_providers"
    [35mqualityProfile[39m: "chat"
    [35mrequireTools[39m: false
    [35mavailable[39m: [
      "openrouter",
      "groq"
    ]
    [35mskipped[39m: [
      {
        "provider": "gemini",
        "reason": "no_api_key"
      },
      {
        "provider": "deepseek",
        "reason": "no_api_key"
      }
    ]
    [35mfinalOrder[39m: [
      "openrouter",
      "groq"
    ]
[03:13:51.820] [32mINFO[39m (7904): [36mrequest completed[39m
    [35mreq[39m: {
      "id": 15,
      "method": "POST",
      "url": "/api/ai/chat"
    }
    [35mres[39m: {
      "statusCode": 200
    }
    [35mresponseTime[39m: 32
··[03:13:51.853] [33mWARN[39m (7904): [36mproject rootPath is inaccessible — file tools disabled[39m
    [35mscope[39m: "rootpath-validator"
    [35mcode[39m: "ROOTPATH_NOT_ACCESSIBLE"
    [35mprojectId[39m: "cf20b021-b745-468d-bdf8-9e43a43a9eb7"
    [35mrootPath[39m: "/tmp/ai-test-cf20b021-b745-468d-bdf8-9e43a43a9eb7"
[03:13:51.857] [32mINFO[39m (7904): [36mprovider selection complete (quality-ordered)[39m
    [35mscope[39m: "provider-selection"
    [35maction[39m: "collect_available_providers"
    [35mqualityProfile[39m: "chat"
    [35mrequireTools[39m: false
    [35mavailable[39m: [
      "openrouter",
      "groq"
    ]
    [35mskipped[39m: [
      {
        "provider": "gemini",
        "reason": "no_api_key"
      },
      {
        "provider": "deepseek",
        "reason": "no_api_key"
      }
    ]
    [35mfinalOrder[39m: [
      "openrouter",
      "groq"
    ]
[03:13:51.857] [32mINFO[39m (7904): [36mresolved primary provider: openrouter[39m
    [35mscope[39m: "provider-selection"
    [35maction[39m: "resolve_provider"
    [35mselected[39m: "openrouter"
    [35mrequireTools[39m: false
    [35mqualityProfile[39m: "chat"
[03:13:51.857] [32mINFO[39m (7904): [36mchat: dispatching chatWithFallback[39m
    [35mscope[39m: "chat-route"
    [35maction[39m: "pre_chat_trace"
    [35mprovider[39m: "openrouter"
    [35msessionId[39m: null
    [35mprojectId[39m: "cf20b021-b745-468d-bdf8-9e43a43a9eb7"
    [35mlinkedTaskId[39m: null
    [35mtaskLoaded[39m: false
    [35mpromptMode[39m: "chat"
    [35mmessageCount[39m: 0
    [35mturnIntent[39m: "CHAT"
    [35mrequireTools[39m: false
    [35mrequiresEvidence[39m: false
    [35mqualityProfile[39m: "chat"
    [35mexecutionHandoff[39m: {
      "requested": false,
      "sessionId": null,
      "historyMessageCount": 0,
      "repairPlanCandidateCount": 0
    }
[03:13:51.860] [32mINFO[39m (7904): [36mprovider selection complete (quality-ordered)[39m
    [35mscope[39m: "provider-selection"
    [35maction[39m: "collect_available_providers"
    [35mqualityProfile[39m: "chat"
    [35mrequireTools[39m: false
    [35mavailable[39m: [
      "openrouter",
      "groq"
    ]
    [35mskipped[39m: [
      {
        "provider": "gemini",
        "reason": "no_api_key"
      },
      {
        "provider": "deepseek",
        "reason": "no_api_key"
      }
    ]
    [35mfinalOrder[39m: [
      "openrouter",
      "groq"
    ]
[03:13:51.869] [32mINFO[39m (7904): [36mrequest completed[39m
    [35mreq[39m: {
      "id": 16,
      "method": "POST",
      "url": "/api/ai/chat"
    }
    [35mres[39m: {
      "statusCode": 200
    }
    [35mresponseTime[39m: 24
[03:13:51.876] [32mINFO[39m (7904): [36mrequest completed[39m
    [35mreq[39m: {
      "id": 17,
      "method": "GET",
      "url": "/api/ai/chat/3747863f-6538-4da1-9233-7e05447db0dc/messages"
    }
    [35mres[39m: {
      "statusCode": 200
    }
    [35mresponseTime[39m: 4
[03:13:51.904] [33mWARN[39m (7904): [36mproject rootPath is inaccessible — file tools disabled[39m
    [35mscope[39m: "rootpath-validator"
    [35mcode[39m: "ROOTPATH_NOT_ACCESSIBLE"
    [35mprojectId[39m: "d19a68a4-9bfb-4759-9ca1-ef871355dd64"
    [35mrootPath[39m: "/tmp/ai-test-d19a68a4-9bfb-4759-9ca1-ef871355dd64"
[03:13:51.909] [32mINFO[39m (7904): [36mprovider selection complete (quality-ordered)[39m
    [35mscope[39m: "provider-selection"
    [35maction[39m: "collect_available_providers"
    [35mqualityProfile[39m: "chat"
    [35mrequireTools[39m: false
    [35mavailable[39m: [
      "openrouter",
      "groq"
    ]
    [35mskipped[39m: [
      {
        "provider": "gemini",
        "reason": "no_api_key"
      },
      {
        "provider": "deepseek",
        "reason": "no_api_key"
      }
    ]
    [35mfinalOrder[39m: [
      "openrouter",
      "groq"
    ]
[03:13:51.909] [32mINFO[39m (7904): [36mresolved primary provider: openrouter[39m
    [35mscope[39m: "provider-selection"
    [35maction[39m: "resolve_provider"
    [35mselected[39m: "openrouter"
    [35mrequireTools[39m: false
    [35mqualityProfile[39m: "chat"
[03:13:51.909] [32mINFO[39m (7904): [36mchat: dispatching chatWithFallback[39m
    [35mscope[39m: "chat-route"
    [35maction[39m: "pre_chat_trace"
    [35mprovider[39m: "openrouter"
    [35msessionId[39m: null
    [35mprojectId[39m: "d19a68a4-9bfb-4759-9ca1-ef871355dd64"
    [35mlinkedTaskId[39m: null
    [35mtaskLoaded[39m: false
    [35mpromptMode[39m: "chat"
    [35mmessageCount[39m: 0
    [35mturnIntent[39m: "CHAT"
    [35mrequireTools[39m: false
    [35mrequiresEvidence[39m: false
    [35mqualityProfile[39m: "chat"
    [35mexecutionHandoff[39m: {
      "requested": false,
      "sessionId": null,
      "historyMessageCount": 0,
      "repairPlanCandidateCount": 0
    }
[03:13:51.912] [32mINFO[39m (7904): [36mprovider selection complete (quality-ordered)[39m
    [35mscope[39m: "provider-selection"
    [35maction[39m: "collect_available_providers"
    [35mqualityProfile[39m: "chat"
    [35mrequireTools[39m: false
    [35mavailable[39m: [
      "openrouter",
      "groq"
    ]
    [35mskipped[39m: [
      {
        "provider": "gemini",
        "reason": "no_api_key"
      },
      {
        "provider": "deepseek",
        "reason": "no_api_key"
      }
    ]
    [35mfinalOrder[39m: [
      "openrouter",
      "groq"
    ]
[03:13:51.919] [32mINFO[39m (7904): [36mrequest completed[39m
    [35mreq[39m: {
      "id": 18,
      "method": "POST",
      "url": "/api/ai/chat"
    }
    [35mres[39m: {
      "statusCode": 200
    }
    [35mresponseTime[39m: 19
[03:13:51.942] [32mINFO[39m (7904): [36mrequest completed[39m
    [35mreq[39m: {
      "id": 19,
      "method": "POST",
      "url": "/api/ai/chat"
    }
    [35mres[39m: {
      "statusCode": 400
    }
    [35mresponseTime[39m: 1
[03:13:51.964] [33mWARN[39m (7904): [36mproject rootPath is inaccessible — file tools disabled[39m
    [35mscope[39m: "rootpath-validator"
    [35mcode[39m: "ROOTPATH_NOT_ACCESSIBLE"
    [35mprojectId[39m: "4be477c3-babc-4737-b51b-c56f448028a1"
    [35mrootPath[39m: "/tmp/ai-test-4be477c3-babc-4737-b51b-c56f448028a1"
[03:13:51.969] [32mINFO[39m (7904): [36mprovider selection complete (quality-ordered)[39m
    [35mscope[39m: "provider-selection"
    [35maction[39m: "collect_available_providers"
    [35mqualityProfile[39m: "chat"
    [35mrequireTools[39m: false
    [35mavailable[39m: [
      "openrouter",
      "groq"
    ]
    [35mskipped[39m: [
      {
        "provider": "gemini",
        "reason": "no_api_key"
      },
      {
        "provider": "deepseek",
        "reason": "no_api_key"
      }
    ]
    [35mfinalOrder[39m: [
      "openrouter",
      "groq"
    ]
[03:13:51.969] [32mINFO[39m (7904): [36mresolved primary provider: openrouter[39m
    [35mscope[39m: "provider-selection"
    [35maction[39m: "resolve_provider"
    [35mselected[39m: "openrouter"
    [35mrequireTools[39m: false
    [35mqualityProfile[39m: "chat"
[03:13:51.969] [32mINFO[39m (7904): [36mchat: dispatching chatWithFallback[39m
    [35mscope[39m: "chat-route"
    [35maction[39m: "pre_chat_trace"
    [35mprovider[39m: "openrouter"
    [35msessionId[39m: null
    [35mprojectId[39m: "4be477c3-babc-4737-b51b-c56f448028a1"
    [35mlinkedTaskId[39m: null
    [35mtaskLoaded[39m: false
    [35mpromptMode[39m: "chat"
    [35mmessageCount[39m: 0
    [35mturnIntent[39m: "CHAT"
    [35mrequireTools[39m: false
    [35mrequiresEvidence[39m: false
    [35mqualityProfile[39m: "chat"
    [35mexecutionHandoff[39m: {
      "requested": false,
      "sessionId": null,
      "historyMessageCount": 0,
      "repairPlanCandidateCount": 0
    }
[03:13:51.971] [32mINFO[39m (7904): [36mprovider selection complete (quality-ordered)[39m
    [35mscope[39m: "provider-selection"
    [35maction[39m: "collect_available_providers"
    [35mqualityProfile[39m: "chat"
    [35mrequireTools[39m: false
    [35mavailable[39m: [
      "openrouter",
      "groq"
    ]
    [35mskipped[39m: [
      {
        "provider": "gemini",
        "reason": "no_api_key"
      },
      {
        "provider": "deepseek",
        "reason": "no_api_key"
      }
    ]
    [35mfinalOrder[39m: [
      "openrouter",
      "groq"
    ]
[03:13:51.972] [33mWARN[39m (7904): [36mAI parse failure — using fallback response[39m
    [35mparseCode[39m: "SCHEMA_VALIDATION_FAILED"
    [35mrawPreview[39m: "bad model output"
···[03:13:51.978] [32mINFO[39m (7904): [36mrequest completed[39m
    [35mreq[39m: {
      "id": 20,
      "method": "POST",
      "url": "/api/ai/chat"
    }
    [35mres[39m: {
      "statusCode": 200
    }
    [35mresponseTime[39m: 20
[03:13:52.002] [33mWARN[39m (7904): [36mproject rootPath is inaccessible — file tools disabled[39m
    [35mscope[39m: "rootpath-validator"
    [35mcode[39m: "ROOTPATH_NOT_ACCESSIBLE"
    [35mprojectId[39m: "ce9770fe-8db8-4b95-8d71-db9d6e412992"
    [35mrootPath[39m: "/tmp/ai-test-ce9770fe-8db8-4b95-8d71-db9d6e412992"
[03:13:52.005] [32mINFO[39m (7904): [36mprovider selection complete (quality-ordered)[39m
    [35mscope[39m: "provider-selection"
    [35maction[39m: "collect_available_providers"
    [35mqualityProfile[39m: "chat"
    [35mrequireTools[39m: false
    [35mavailable[39m: [
      "openrouter",
      "groq"
    ]
    [35mskipped[39m: [
      {
        "provider": "gemini",
        "reason": "no_api_key"
      },
      {
        "provider": "deepseek",
        "reason": "no_api_key"
      }
    ]
    [35mfinalOrder[39m: [
      "openrouter",
      "groq"
    ]
[03:13:52.005] [32mINFO[39m (7904): [36mresolved primary provider: openrouter[39m
    [35mscope[39m: "provider-selection"
    [35maction[39m: "resolve_provider"
    [35mselected[39m: "openrouter"
    [35mrequireTools[39m: false
    [35mqualityProfile[39m: "chat"
[03:13:52.005] [32mINFO[39m (7904): [36mchat: dispatching chatWithFallback[39m
    [35mscope[39m: "chat-route"
    [35maction[39m: "pre_chat_trace"
    [35mprovider[39m: "openrouter"
    [35msessionId[39m: null
    [35mprojectId[39m: "ce9770fe-8db8-4b95-8d71-db9d6e412992"
    [35mlinkedTaskId[39m: null
    [35mtaskLoaded[39m: false
    [35mpromptMode[39m: "chat"
    [35mmessageCount[39m: 0
    [35mturnIntent[39m: "CHAT"
    [35mrequireTools[39m: false
    [35mrequiresEvidence[39m: false
    [35mqualityProfile[39m: "chat"
    [35mexecutionHandoff[39m: {
      "requested": false,
      "sessionId": null,
      "historyMessageCount": 0,
      "repairPlanCandidateCount": 0
    }
[03:13:52.007] [32mINFO[39m (7904): [36mprovider selection complete (quality-ordered)[39m
    [35mscope[39m: "provider-selection"
    [35maction[39m: "collect_available_providers"
    [35mqualityProfile[39m: "chat"
    [35mrequireTools[39m: false
    [35mavailable[39m: [
      "openrouter",
      "groq"
    ]
    [35mskipped[39m: [
      {
        "provider": "gemini",
        "reason": "no_api_key"
      },
      {
        "provider": "deepseek",
        "reason": "no_api_key"
      }
    ]
    [35mfinalOrder[39m: [
      "openrouter",
      "groq"
    ]
[03:13:52.008] [32mINFO[39m (7904): [36mrequest completed[39m
    [35mreq[39m: {
      "id": 21,
      "method": "POST",
      "url": "/api/ai/chat"
    }
    [35mres[39m: {
      "statusCode": 422
    }
    [35mresponseTime[39m: 10
[03:13:52.024] [33mWARN[39m (7904): [36mproject rootPath is inaccessible — file tools disabled[39m
    [35mscope[39m: "rootpath-validator"
    [35mcode[39m: "ROOTPATH_NOT_ACCESSIBLE"
    [35mprojectId[39m: "2ab8ee0b-0db8-4d09-a923-193951a9bccf"
    [35mrootPath[39m: "/tmp/ai-test-2ab8ee0b-0db8-4d09-a923-193951a9bccf"
[03:13:52.027] [32mINFO[39m (7904): [36mprovider selection complete (quality-ordered)[39m
    [35mscope[39m: "provider-selection"
    [35maction[39m: "collect_available_providers"
    [35mqualityProfile[39m: "chat"
    [35mrequireTools[39m: false
    [35mavailable[39m: [
      "openrouter",
      "groq"
    ]
    [35mskipped[39m: [
      {
        "provider": "gemini",
        "reason": "no_api_key"
      },
      {
        "provider": "deepseek",
        "reason": "no_api_key"
      }
    ]
    [35mfinalOrder[39m: [
      "openrouter",
      "groq"
    ]
[03:13:52.027] [32mINFO[39m (7904): [36mresolved primary provider: openrouter[39m
    [35mscope[39m: "provider-selection"
    [35maction[39m: "resolve_provider"
    [35mselected[39m: "openrouter"
    [35mrequireTools[39m: false
    [35mqualityProfile[39m: "chat"
[03:13:52.027] [32mINFO[39m (7904): [36mchat: dispatching chatWithFallback[39m
    [35mscope[39m: "chat-route"
    [35maction[39m: "pre_chat_trace"
    [35mprovider[39m: "openrouter"
    [35msessionId[39m: null
    [35mprojectId[39m: "2ab8ee0b-0db8-4d09-a923-193951a9bccf"
    [35mlinkedTaskId[39m: null
    [35mtaskLoaded[39m: false
    [35mpromptMode[39m: "chat"
    [35mmessageCount[39m: 0
    [35mturnIntent[39m: "CHAT"
    [35mrequireTools[39m: false
    [35mrequiresEvidence[39m: false
    [35mqualityProfile[39m: "chat"
    [35mexecutionHandoff[39m: {
      "requested": false,
      "sessionId": null,
      "historyMessageCount": 0,
      "repairPlanCandidateCount": 0
    }
[03:13:52.030] [32mINFO[39m (7904): [36mprovider selection complete (quality-ordered)[39m
    [35mscope[39m: "provider-selection"
    [35maction[39m: "collect_available_providers"
    [35mqualityProfile[39m: "chat"
    [35mrequireTools[39m: false
    [35mavailable[39m: [
      "openrouter",
      "groq"
    ]
    [35mskipped[39m: [
      {
        "provider": "gemini",
        "reason": "no_api_key"
      },
      {
        "provider": "deepseek",
        "reason": "no_api_key"
      }
    ]
    [35mfinalOrder[39m: [
      "openrouter",
      "groq"
    ]
[03:13:52.036] [32mINFO[39m (7904): [36mrequest completed[39m
    [35mreq[39m: {
      "id": 22,
      "method": "POST",
      "url": "/api/ai/chat"
    }
    [35mres[39m: {
      "statusCode": 200
    }
    [35mresponseTime[39m: 17
[03:13:52.045] [33mWARN[39m (7904): [36mproject rootPath is inaccessible — file tools disabled[39m
    [35mscope[39m: "rootpath-validator"
    [35mcode[39m: "ROOTPATH_NOT_ACCESSIBLE"
    [35mprojectId[39m: "2ab8ee0b-0db8-4d09-a923-193951a9bccf"
    [35mrootPath[39m: "/tmp/ai-test-2ab8ee0b-0db8-4d09-a923-193951a9bccf"
[03:13:52.049] [32mINFO[39m (7904): [36mprovider selection complete (quality-ordered)[39m
    [35mscope[39m: "provider-selection"
    [35maction[39m: "collect_available_providers"
    [35mqualityProfile[39m: "chat"
    [35mrequireTools[39m: false
    [35mavailable[39m: [
      "openrouter",
      "groq"
    ]
    [35mskipped[39m: [
      {
        "provider": "gemini",
        "reason": "no_api_key"
      },
      {
        "provider": "deepseek",
        "reason": "no_api_key"
      }
    ]
    [35mfinalOrder[39m: [
      "openrouter",
      "groq"
    ]
[03:13:52.049] [32mINFO[39m (7904): [36mresolved primary provider: openrouter[39m
    [35mscope[39m: "provider-selection"
    [35maction[39m: "resolve_provider"
    [35mselected[39m: "openrouter"
    [35mrequireTools[39m: false
    [35mqualityProfile[39m: "chat"
[03:13:52.049] [32mINFO[39m (7904): [36mchat: dispatching chatWithFallback[39m
    [35mscope[39m: "chat-route"
    [35maction[39m: "pre_chat_trace"
    [35mprovider[39m: "openrouter"
    [35msessionId[39m: "f8729a06-1068-4b81-ac1d-17735e6a3cbc"
    [35mprojectId[39m: "2ab8ee0b-0db8-4d09-a923-193951a9bccf"
    [35mlinkedTaskId[39m: null
    [35mtaskLoaded[39m: false
    [35mpromptMode[39m: "chat"
    [35mmessageCount[39m: 2
    [35mturnIntent[39m: "CHAT"
    [35mrequireTools[39m: false
    [35mrequiresEvidence[39m: false
    [35mqualityProfile[39m: "chat"
    [35mexecutionHandoff[39m: {
      "requested": false,
      "sessionId": "f8729a06-1068-4b81-ac1d-17735e6a3cbc",
      "historyMessageCount": 2,
      "repairPlanCandidateCount": 0
    }
[03:13:52.052] [32mINFO[39m (7904): [36mprovider selection complete (quality-ordered)[39m
    [35mscope[39m: "provider-selection"
    [35maction[39m: "collect_available_providers"
    [35mqualityProfile[39m: "chat"
    [35mrequireTools[39m: false
    [35mavailable[39m: [
      "openrouter",
      "groq"
    ]
    [35mskipped[39m: [
      {
        "provider": "gemini",
        "reason": "no_api_key"
      },
      {
        "provider": "deepseek",
        "reason": "no_api_key"
      }
    ]
    [35mfinalOrder[39m: [
      "openrouter",
      "groq"
    ]
[03:13:52.058] [32mINFO[39m (7904): [36mrequest completed[39m
    [35mreq[39m: {
      "id": 23,
      "method": "POST",
      "url": "/api/ai/chat"
    }
    [35mres[39m: {
      "statusCode": 200
    }
    [35mresponseTime[39m: 19
[03:13:52.084] [33mWARN[39m (7904): [36mproject rootPath is inaccessible — file tools disabled[39m
    [35mscope[39m: "rootpath-validator"
    [35mcode[39m: "ROOTPATH_NOT_ACCESSIBLE"
    [35mprojectId[39m: "5bdf3085-beb9-436c-9602-3b751511f46e"
    [35mrootPath[39m: "/tmp/ai-test-5bdf3085-beb9-436c-9602-3b751511f46e"
[03:13:52.089] [32mINFO[39m (7904): [36mprovider selection complete (quality-ordered)[39m
    [35mscope[39m: "provider-selection"
    [35maction[39m: "collect_available_providers"
    [35mqualityProfile[39m: "analysis"
    [35mrequireTools[39m: false
    [35mavailable[39m: [
      "openrouter",
      "groq"
    ]
    [35mskipped[39m: [
      {
        "provider": "gemini",
        "reason": "no_api_key"
      },
      {
        "provider": "deepseek",
        "reason": "no_api_key"
      }
    ]
    [35mfinalOrder[39m: [
      "openrouter",
      "groq"
    ]
[03:13:52.089] [32mINFO[39m (7904): [36mresolved primary provider: openrouter[39m
    [35mscope[39m: "provider-selection"
    [35maction[39m: "resolve_provider"
    [35mselected[39m: "openrouter"
    [35mrequireTools[39m: false
    [35mqualityProfile[39m: "analysis"
[03:13:52.089] [32mINFO[39m (7904): [36mchat: dispatching chatWithFallback[39m
    [35mscope[39m: "chat-route"
    [35maction[39m: "pre_chat_trace"
    [35mprovider[39m: "openrouter"
    [35msessionId[39m: null
    [35mprojectId[39m: "5bdf3085-beb9-436c-9602-3b751511f46e"
    [35mlinkedTaskId[39m: null
    [35mtaskLoaded[39m: false
    [35mpromptMode[39m: "chat"
    [35mmessageCount[39m: 0
    [35mturnIntent[39m: "FORENSIC_AUDIT"
    [35mrequireTools[39m: false
    [35mrequiresEvidence[39m: true
    [35mqualityProfile[39m: "analysis"
    [35mcontextProfile[39m: "chat-deep"
    [35mexecutionHandoff[39m: {
      "requested": false,
      "sessionId": null,
      "historyMessageCount": 0,
      "repairPlanCandidateCount": 0
    }
[03:13:52.091] [32mINFO[39m (7904): [36mprovider selection complete (quality-ordered)[39m
    [35mscope[39m: "provider-selection"
    [35maction[39m: "collect_available_providers"
    [35mqualityProfile[39m: "analysis"
    [35mrequireTools[39m: false
    [35mavailable[39m: [
      "openrouter",
      "groq"
    ]
    [35mskipped[39m: [
      {
        "provider": "gemini",
        "reason": "no_api_key"
      },
      {
        "provider": "deepseek",
        "reason": "no_api_key"
      }
    ]
    [35mfinalOrder[39m: [
      "openrouter",
      "groq"
    ]
···[03:13:52.104] [32mINFO[39m (7904): [36mrequest completed[39m
    [35mreq[39m: {
      "id": 24,
      "method": "POST",
      "url": "/api/ai/chat"
    }
    [35mres[39m: {
      "statusCode": 200
    }
    [35mresponseTime[39m: 25
[03:13:52.119] [33mWARN[39m (7904): [36mproject rootPath is inaccessible — file tools disabled[39m
    [35mscope[39m: "rootpath-validator"
    [35mcode[39m: "ROOTPATH_NOT_ACCESSIBLE"
    [35mprojectId[39m: "5bdf3085-beb9-436c-9602-3b751511f46e"
    [35mrootPath[39m: "/tmp/ai-test-5bdf3085-beb9-436c-9602-3b751511f46e"
[03:13:52.127] [32mINFO[39m (7904): [36mprovider selection complete (quality-ordered)[39m
    [35mscope[39m: "provider-selection"
    [35maction[39m: "collect_available_providers"
    [35mqualityProfile[39m: "analysis"
    [35mrequireTools[39m: false
    [35mavailable[39m: [
      "openrouter",
      "groq"
    ]
    [35mskipped[39m: [
      {
        "provider": "gemini",
        "reason": "no_api_key"
      },
      {
        "provider": "deepseek",
        "reason": "no_api_key"
      }
    ]
    [35mfinalOrder[39m: [
      "openrouter",
      "groq"
    ]
[03:13:52.127] [32mINFO[39m (7904): [36mresolved primary provider: openrouter[39m
    [35mscope[39m: "provider-selection"
    [35maction[39m: "resolve_provider"
    [35mselected[39m: "openrouter"
    [35mrequireTools[39m: false
    [35mqualityProfile[39m: "analysis"
[03:13:52.127] [32mINFO[39m (7904): [36mchat: dispatching chatWithFallback[39m
    [35mscope[39m: "chat-route"
    [35maction[39m: "pre_chat_trace"
    [35mprovider[39m: "openrouter"
    [35msessionId[39m: "aced3d0b-2e48-4267-9a46-ce2dc5aa9c29"
    [35mprojectId[39m: "5bdf3085-beb9-436c-9602-3b751511f46e"
    [35mlinkedTaskId[39m: null
    [35mtaskLoaded[39m: false
    [35mpromptMode[39m: "chat"
    [35mmessageCount[39m: 2
    [35mturnIntent[39m: "FORENSIC_AUDIT"
    [35mrequireTools[39m: false
    [35mrequiresEvidence[39m: true
    [35mqualityProfile[39m: "analysis"
    [35mcontextProfile[39m: "chat-deep"
    [35mexecutionHandoff[39m: {
      "requested": false,
      "sessionId": "aced3d0b-2e48-4267-9a46-ce2dc5aa9c29",
      "historyMessageCount": 2,
      "repairPlanCandidateCount": 1
    }
[03:13:52.129] [32mINFO[39m (7904): [36mprovider selection complete (quality-ordered)[39m
    [35mscope[39m: "provider-selection"
    [35maction[39m: "collect_available_providers"
    [35mqualityProfile[39m: "analysis"
    [35mrequireTools[39m: false
    [35mavailable[39m: [
      "openrouter",
      "groq"
    ]
    [35mskipped[39m: [
      {
        "provider": "gemini",
        "reason": "no_api_key"
      },
      {
        "provider": "deepseek",
        "reason": "no_api_key"
      }
    ]
    [35mfinalOrder[39m: [
      "openrouter",
      "groq"
    ]
[03:13:52.136] [32mINFO[39m (7904): [36mrequest completed[39m
    [35mreq[39m: {
      "id": 25,
      "method": "POST",
      "url": "/api/ai/chat"
    }
    [35mres[39m: {
      "statusCode": 200
    }
    [35mresponseTime[39m: 28
[03:13:52.145] [33mWARN[39m (7904): [36mproject rootPath is inaccessible — file tools disabled[39m
    [35mscope[39m: "rootpath-validator"
    [35mcode[39m: "ROOTPATH_NOT_ACCESSIBLE"
    [35mprojectId[39m: "5bdf3085-beb9-436c-9602-3b751511f46e"
    [35mrootPath[39m: "/tmp/ai-test-5bdf3085-beb9-436c-9602-3b751511f46e"
[03:13:52.149] [32mINFO[39m (7904): [36mprovider selection complete (quality-ordered)[39m
    [35mscope[39m: "provider-selection"
    [35maction[39m: "collect_available_providers"
    [35mqualityProfile[39m: "chat"
    [35mrequireTools[39m: false
    [35mavailable[39m: [
      "openrouter",
      "groq"
    ]
    [35mskipped[39m: [
      {
        "provider": "gemini",
        "reason": "no_api_key"
      },
      {
        "provider": "deepseek",
        "reason": "no_api_key"
      }
    ]
    [35mfinalOrder[39m: [
      "openrouter",
      "groq"
    ]
[03:13:52.149] [32mINFO[39m (7904): [36mresolved primary provider: openrouter[39m
    [35mscope[39m: "provider-selection"
    [35maction[39m: "resolve_provider"
    [35mselected[39m: "openrouter"
    [35mrequireTools[39m: false
    [35mqualityProfile[39m: "chat"
[03:13:52.150] [32mINFO[39m (7904): [36mchat: dispatching chatWithFallback[39m
    [35mscope[39m: "chat-route"
    [35maction[39m: "pre_chat_trace"
    [35mprovider[39m: "openrouter"
    [35msessionId[39m: "aced3d0b-2e48-4267-9a46-ce2dc5aa9c29"
    [35mprojectId[39m: "5bdf3085-beb9-436c-9602-3b751511f46e"
    [35mlinkedTaskId[39m: null
    [35mtaskLoaded[39m: false
    [35mpromptMode[39m: "chat"
    [35mmessageCount[39m: 4
    [35mturnIntent[39m: "CHAT"
    [35mrequireTools[39m: false
    [35mrequiresEvidence[39m: false
    [35mqualityProfile[39m: "chat"
    [35mexecutionHandoff[39m: {
      "requested": false,
      "sessionId": "aced3d0b-2e48-4267-9a46-ce2dc5aa9c29",
      "historyMessageCount": 4,
      "repairPlanCandidateCount": 2
    }
[03:13:52.153] [32mINFO[39m (7904): [36mprovider selection complete (quality-ordered)[39m
    [35mscope[39m: "provider-selection"
    [35maction[39m: "collect_available_providers"
    [35mqualityProfile[39m: "chat"
    [35mrequireTools[39m: false
    [35mavailable[39m: [
      "openrouter",
      "groq"
    ]
    [35mskipped[39m: [
      {
        "provider": "gemini",
        "reason": "no_api_key"
      },
      {
        "provider": "deepseek",
        "reason": "no_api_key"
      }
    ]
    [35mfinalOrder[39m: [
      "openrouter",
      "groq"
    ]
[03:13:52.161] [32mINFO[39m (7904): [36mrequest completed[39m
    [35mreq[39m: {
      "id": 26,
      "method": "POST",
      "url": "/api/ai/chat"
    }
    [35mres[39m: {
      "statusCode": 200
    }
    [35mresponseTime[39m: 21
[03:13:52.187] [33mWARN[39m (7904): [36mproject rootPath is inaccessible — file tools disabled[39m
    [35mscope[39m: "rootpath-validator"
    [35mcode[39m: "ROOTPATH_NOT_ACCESSIBLE"
    [35mprojectId[39m: "d8e9de94-056a-416e-b57b-cf7125b13a0c"
    [35mrootPath[39m: "/tmp/ai-test-d8e9de94-056a-416e-b57b-cf7125b13a0c"
[03:13:52.189] [32mINFO[39m (7904): [36mprovider selection complete (quality-ordered)[39m
    [35mscope[39m: "provider-selection"
    [35maction[39m: "collect_available_providers"
    [35mqualityProfile[39m: "analysis"
    [35mrequireTools[39m: false
    [35mavailable[39m: [
      "openrouter",
      "groq"
    ]
    [35mskipped[39m: [
      {
        "provider": "gemini",
        "reason": "no_api_key"
      },
      {
        "provider": "deepseek",
        "reason": "no_api_key"
      }
    ]
    [35mfinalOrder[39m: [
      "openrouter",
      "groq"
    ]
[03:13:52.189] [32mINFO[39m (7904): [36mresolved primary provider: openrouter[39m
    [35mscope[39m: "provider-selection"
    [35maction[39m: "resolve_provider"
    [35mselected[39m: "openrouter"
    [35mrequireTools[39m: false
    [35mqualityProfile[39m: "analysis"
[03:13:52.189] [32mINFO[39m (7904): [36mchat: dispatching chatWithFallback[39m
    [35mscope[39m: "chat-route"
    [35maction[39m: "pre_chat_trace"
    [35mprovider[39m: "openrouter"
    [35msessionId[39m: null
    [35mprojectId[39m: "d8e9de94-056a-416e-b57b-cf7125b13a0c"
    [35mlinkedTaskId[39m: null
    [35mtaskLoaded[39m: false
    [35mpromptMode[39m: "chat"
    [35mmessageCount[39m: 0
    [35mturnIntent[39m: "FORENSIC_AUDIT"
    [35mrequireTools[39m: false
    [35mrequiresEvidence[39m: true
    [35mqualityProfile[39m: "analysis"
    [35mcontextProfile[39m: "chat-deep"
    [35mexecutionHandoff[39m: {
      "requested": false,
      "sessionId": null,
      "historyMessageCount": 0,
      "repairPlanCandidateCount": 0
    }
[03:13:52.193] [32mINFO[39m (7904): [36mprovider selection complete (quality-ordered)[39m
    [35mscope[39m: "provider-selection"
    [35maction[39m: "collect_available_providers"
    [35mqualityProfile[39m: "analysis"
    [35mrequireTools[39m: false
    [35mavailable[39m: [
      "openrouter",
      "groq"
    ]
    [35mskipped[39m: [
      {
        "provider": "gemini",
        "reason": "no_api_key"
      },
      {
        "provider": "deepseek",
        "reason": "no_api_key"
      }
    ]
    [35mfinalOrder[39m: [
      "openrouter",
      "groq"
    ]
[03:13:52.201] [32mINFO[39m (7904): [36mrequest completed[39m
    [35mreq[39m: {
      "id": 27,
      "method": "POST",
      "url": "/api/ai/chat"
    }
    [35mres[39m: {
      "statusCode": 200
    }
    [35mresponseTime[39m: 21
[03:13:52.217] [33mWARN[39m (7904): [36mproject rootPath is inaccessible — file tools disabled[39m
    [35mscope[39m: "rootpath-validator"
    [35mcode[39m: "ROOTPATH_NOT_ACCESSIBLE"
    [35mprojectId[39m: "d8e9de94-056a-416e-b57b-cf7125b13a0c"
    [35mrootPath[39m: "/tmp/ai-test-d8e9de94-056a-416e-b57b-cf7125b13a0c"
[03:13:52.222] [33mWARN[39m (7904): [36mproject rootPath is inaccessible — file tools disabled[39m
    [35mscope[39m: "rootpath-validator"
    [35mcode[39m: "ROOTPATH_NOT_ACCESSIBLE"
    [35mprojectId[39m: "d8e9de94-056a-416e-b57b-cf7125b13a0c"
    [35mrootPath[39m: "/tmp/ai-test-d8e9de94-056a-416e-b57b-cf7125b13a0c"
[03:13:52.225] [32mINFO[39m (7904): [36mprovider selection complete (quality-ordered)[39m
    [35mscope[39m: "provider-selection"
    [35maction[39m: "collect_available_providers"
    [35mqualityProfile[39m: "chat"
    [35mrequireTools[39m: false
    [35mavailable[39m: [
      "openrouter",
      "groq"
    ]
    [35mskipped[39m: [
      {
        "provider": "gemini",
        "reason": "no_api_key"
      },
      {
        "provider": "deepseek",
        "reason": "no_api_key"
      }
    ]
    [35mfinalOrder[39m: [
      "openrouter",
      "groq"
    ]
[03:13:52.225] [32mINFO[39m (7904): [36mresolved primary provider: openrouter[39m
    [35mscope[39m: "provider-selection"
    [35maction[39m: "resolve_provider"
    [35mselected[39m: "openrouter"
    [35mrequireTools[39m: false
    [35mqualityProfile[39m: "chat"
[03:13:52.225] [32mINFO[39m (7904): [36mchat: dispatching chatWithFallback[39m
    [35mscope[39m: "chat-route"
    [35maction[39m: "pre_chat_trace"
    [35mprovider[39m: "openrouter"
    [35msessionId[39m: "bc889196-c927-4cb8-8551-2c556f188280"
    [35mprojectId[39m: "d8e9de94-056a-416e-b57b-cf7125b13a0c"
    [35mlinkedTaskId[39m: null
    [35mtaskLoaded[39m: false
    [35mpromptMode[39m: "chat"
    [35mmessageCount[39m: 2
    [35mturnIntent[39m: "CHAT"
    [35mrequireTools[39m: false
    [35mrequiresEvidence[39m: false
    [35mqualityProfile[39m: "chat"
    [35mcontextProfile[39m: "chat-deep"
    [35mexecutionHandoff[39m: {
      "requested": false,
      "sessionId": "bc889196-c927-4cb8-8551-2c556f188280",
      "historyMessageCount": 2,
      "repairPlanCandidateCount": 1
    }
[03:13:52.230] [32mINFO[39m (7904): [36mprovider selection complete (quality-ordered)[39m
    [35mscope[39m: "provider-selection"
    [35maction[39m: "collect_available_providers"
    [35mqualityProfile[39m: "chat"
    [35mrequireTools[39m: false
    [35mavailable[39m: [
      "openrouter",
      "groq"
    ]
    [35mskipped[39m: [
      {
        "provider": "gemini",
        "reason": "no_api_key"
      },
      {
        "provider": "deepseek",
        "reason": "no_api_key"
      }
    ]
    [35mfinalOrder[39m: [
      "openrouter",
      "groq"
    ]
[03:13:52.230] [32mINFO[39m (7904): [36mresolved primary provider: openrouter[39m
    [35mscope[39m: "provider-selection"
    [35maction[39m: "resolve_provider"
    [35mselected[39m: "openrouter"
    [35mrequireTools[39m: false
    [35mqualityProfile[39m: "chat"
[03:13:52.230] [32mINFO[39m (7904): [36mchat: dispatching chatWithFallback[39m
    [35mscope[39m: "chat-route"
    [35maction[39m: "pre_chat_trace"
    [35mprovider[39m: "openrouter"
    [35msessionId[39m: "bc889196-c927-4cb8-8551-2c556f188280"
    [35mprojectId[39m: "d8e9de94-056a-416e-b57b-cf7125b13a0c"
    [35mlinkedTaskId[39m: null
    [35mtaskLoaded[39m: false
    [35mpromptMode[39m: "chat"
    [35mmessageCount[39m: 2
    [35mturnIntent[39m: "CHAT"
    [35mrequireTools[39m: false
    [35mrequiresEvidence[39m: false
    [35mqualityProfile[39m: "chat"
    [35mcontextProfile[39m: "chat-deep"
    [35mexecutionHandoff[39m: {
      "requested": false,
      "sessionId": "bc889196-c927-4cb8-8551-2c556f188280",
      "historyMessageCount": 2,
      "repairPlanCandidateCount": 1
    }
[03:13:52.235] [32mINFO[39m (7904): [36mprovider selection complete (quality-ordered)[39m
    [35mscope[39m: "provider-selection"
    [35maction[39m: "collect_available_providers"
    [35mqualityProfile[39m: "chat"
    [35mrequireTools[39m: false
    [35mavailable[39m: [
      "openrouter",
      "groq"
    ]
    [35mskipped[39m: [
      {
        "provider": "gemini",
        "reason": "no_api_key"
      },
      {
        "provider": "deepseek",
        "reason": "no_api_key"
      }
    ]
    [35mfinalOrder[39m: [
      "openrouter",
      "groq"
    ]
[03:13:52.235] [32mINFO[39m (7904): [36mprovider selection complete (quality-ordered)[39m
    [35mscope[39m: "provider-selection"
    [35maction[39m: "collect_available_providers"
    [35mqualityProfile[39m: "chat"
    [35mrequireTools[39m: false
    [35mavailable[39m: [
      "openrouter",
      "groq"
    ]
    [35mskipped[39m: [
      {
        "provider": "gemini",
        "reason": "no_api_key"
      },
      {
        "provider": "deepseek",
        "reason": "no_api_key"
      }
    ]
    [35mfinalOrder[39m: [
      "openrouter",
      "groq"
    ]
[03:13:52.243] [32mINFO[39m (7904): [36mrequest completed[39m
    [35mreq[39m: {
      "id": 29,
      "method": "POST",
      "url": "/api/ai/chat"
    }
    [35mres[39m: {
      "statusCode": 200
    }
    [35mresponseTime[39m: 35
[03:13:52.251] [32mINFO[39m (7904): [36mrequest completed[39m
    [35mreq[39m: {
      "id": 28,
      "method": "POST",
      "url": "/api/ai/chat"
    }
    [35mres[39m: {
      "statusCode": 200
    }
    [35mresponseTime[39m: 45
[03:13:52.259] [33mWARN[39m (7904): [36mproject rootPath is inaccessible — file tools disabled[39m
    [35mscope[39m: "rootpath-validator"
    [35mcode[39m: "ROOTPATH_NOT_ACCESSIBLE"
    [35mprojectId[39m: "d8e9de94-056a-416e-b57b-cf7125b13a0c"
    [35mrootPath[39m: "/tmp/ai-test-d8e9de94-056a-416e-b57b-cf7125b13a0c"
·[03:13:52.264] [32mINFO[39m (7904): [36mprovider selection complete (quality-ordered)[39m
    [35mscope[39m: "provider-selection"
    [35maction[39m: "collect_available_providers"
    [35mqualityProfile[39m: "analysis"
    [35mrequireTools[39m: false
    [35mavailable[39m: [
      "openrouter",
      "groq"
    ]
    [35mskipped[39m: [
      {
        "provider": "gemini",
        "reason": "no_api_key"
      },
      {
        "provider": "deepseek",
        "reason": "no_api_key"
      }
    ]
    [35mfinalOrder[39m: [
      "openrouter",
      "groq"
    ]
[03:13:52.264] [32mINFO[39m (7904): [36mresolved primary provider: openrouter[39m
    [35mscope[39m: "provider-selection"
    [35maction[39m: "resolve_provider"
    [35mselected[39m: "openrouter"
    [35mrequireTools[39m: false
    [35mqualityProfile[39m: "analysis"
[03:13:52.264] [32mINFO[39m (7904): [36mchat: dispatching chatWithFallback[39m
    [35mscope[39m: "chat-route"
    [35maction[39m: "pre_chat_trace"
    [35mprovider[39m: "openrouter"
    [35msessionId[39m: "bc889196-c927-4cb8-8551-2c556f188280"
    [35mprojectId[39m: "d8e9de94-056a-416e-b57b-cf7125b13a0c"
    [35mlinkedTaskId[39m: null
    [35mtaskLoaded[39m: false
    [35mpromptMode[39m: "chat"
    [35mmessageCount[39m: 6
    [35mturnIntent[39m: "FORENSIC_AUDIT"
    [35mrequireTools[39m: false
    [35mrequiresEvidence[39m: true
    [35mqualityProfile[39m: "analysis"
    [35mcontextProfile[39m: "chat-deep"
    [35mexecutionHandoff[39m: {
      "requested": false,
      "sessionId": "bc889196-c927-4cb8-8551-2c556f188280",
      "historyMessageCount": 6,
      "repairPlanCandidateCount": 3
    }
[03:13:52.266] [32mINFO[39m (7904): [36mprovider selection complete (quality-ordered)[39m
    [35mscope[39m: "provider-selection"
    [35maction[39m: "collect_available_providers"
    [35mqualityProfile[39m: "analysis"
    [35mrequireTools[39m: false
    [35mavailable[39m: [
      "openrouter",
      "groq"
    ]
    [35mskipped[39m: [
      {
        "provider": "gemini",
        "reason": "no_api_key"
      },
      {
        "provider": "deepseek",
        "reason": "no_api_key"
      }
    ]
    [35mfinalOrder[39m: [
      "openrouter",
      "groq"
    ]
[03:13:52.274] [32mINFO[39m (7904): [36mrequest completed[39m
    [35mreq[39m: {
      "id": 30,
      "method": "POST",
      "url": "/api/ai/chat"
    }
    [35mres[39m: {
      "statusCode": 200
    }
    [35mresponseTime[39m: 20
[03:13:52.296] [32mINFO[39m (7904): [36mrequest completed[39m
    [35mreq[39m: {
      "id": 31,
      "method": "POST",
      "url": "/api/ai/chat"
    }
    [35mres[39m: {
      "statusCode": 409
    }
    [35mresponseTime[39m: 1
[03:13:52.314] [32mINFO[39m (7904): [36mrequest completed[39m
    [35mreq[39m: {
      "id": 32,
      "method": "POST",
      "url": "/api/ai/chat"
    }
    [35mres[39m: {
      "statusCode": 404
    }
    [35mresponseTime[39m: 6
[03:13:52.344] [32mINFO[39m (7904): [36mrequest completed[39m
    [35mreq[39m: {
      "id": 33,
      "method": "GET",
      "url": "/api/ai/executions/history"
    }
    [35mres[39m: {
      "statusCode": 200
    }
    [35mresponseTime[39m: 6
····[03:13:52.384] [32mINFO[39m (7904): [36mrequest completed[39m
    [35mreq[39m: {
      "id": 34,
      "method": "GET",
      "url": "/api/ai/executions/7ce5b9d0-3031-48a9-b8d4-5310f839992b/audit-export"
    }
    [35mres[39m: {
      "statusCode": 200
    }
    [35mresponseTime[39m: 18
[03:13:52.394] [32mINFO[39m (7904): [36mrequest completed[39m
    [35mreq[39m: {
      "id": 35,
      "method": "GET",
      "url": "/api/ai/executions/7ce5b9d0-3031-48a9-b8d4-5310f839992b/audit-export"
    }
    [35mres[39m: {
      "statusCode": 404
    }
    [35mresponseTime[39m: 2
[03:13:52.412] [32mINFO[39m (7904): [36mrequest completed[39m
    [35mreq[39m: {
      "id": 36,
      "method": "GET",
      "url": "/api/ai/chat/sessions"
    }
    [35mres[39m: {
      "statusCode": 400
    }
    [35mresponseTime[39m: 1
[03:13:52.426] [33mWARN[39m (7904): [36mproject rootPath is inaccessible — file tools disabled[39m
    [35mscope[39m: "rootpath-validator"
    [35mcode[39m: "ROOTPATH_NOT_ACCESSIBLE"
    [35mprojectId[39m: "22795ed7-4813-4f3e-9061-79a8fce1bc2d"
    [35mrootPath[39m: "/tmp/ai-test-22795ed7-4813-4f3e-9061-79a8fce1bc2d"
[03:13:52.430] [32mINFO[39m (7904): [36mprovider selection complete (quality-ordered)[39m
    [35mscope[39m: "provider-selection"
    [35maction[39m: "collect_available_providers"
    [35mqualityProfile[39m: "analysis"
    [35mrequireTools[39m: false
    [35mavailable[39m: [
      "openrouter",
      "groq"
    ]
    [35mskipped[39m: [
      {
        "provider": "gemini",
        "reason": "no_api_key"
      },
      {
        "provider": "deepseek",
        "reason": "no_api_key"
      }
    ]
    [35mfinalOrder[39m: [
      "openrouter",
      "groq"
    ]
[03:13:52.430] [32mINFO[39m (7904): [36mresolved primary provider: openrouter[39m
    [35mscope[39m: "provider-selection"
    [35maction[39m: "resolve_provider"
    [35mselected[39m: "openrouter"
    [35mrequireTools[39m: false
    [35mqualityProfile[39m: "analysis"
[03:13:52.430] [32mINFO[39m (7904): [36mchat: dispatching chatWithFallback[39m
    [35mscope[39m: "chat-route"
    [35maction[39m: "pre_chat_trace"
    [35mprovider[39m: "openrouter"
    [35msessionId[39m: null
    [35mprojectId[39m: "22795ed7-4813-4f3e-9061-79a8fce1bc2d"
    [35mlinkedTaskId[39m: null
    [35mtaskLoaded[39m: false
    [35mpromptMode[39m: "chat"
    [35mmessageCount[39m: 0
    [35mturnIntent[39m: "FORENSIC_AUDIT"
    [35mrequireTools[39m: false
    [35mrequiresEvidence[39m: true
    [35mqualityProfile[39m: "analysis"
    [35mcontextProfile[39m: "chat-deep"
    [35mexecutionHandoff[39m: {
      "requested": false,
      "sessionId": null,
      "historyMessageCount": 0,
      "repairPlanCandidateCount": 0
    }
[03:13:52.433] [32mINFO[39m (7904): [36mprovider selection complete (quality-ordered)[39m
    [35mscope[39m: "provider-selection"
    [35maction[39m: "collect_available_providers"
    [35mqualityProfile[39m: "analysis"
    [35mrequireTools[39m: false
    [35mavailable[39m: [
      "openrouter",
      "groq"
    ]
    [35mskipped[39m: [
      {
        "provider": "gemini",
        "reason": "no_api_key"
      },
      {
        "provider": "deepseek",
        "reason": "no_api_key"
      }
    ]
    [35mfinalOrder[39m: [
      "openrouter",
      "groq"
    ]
[03:13:52.442] [32mINFO[39m (7904): [36mrequest completed[39m
    [35mreq[39m: {
      "id": 37,
      "method": "POST",
      "url": "/api/ai/chat"
    }
    [35mres[39m: {
      "statusCode": 200
    }
    [35mresponseTime[39m: 22
[03:13:52.447] [32mINFO[39m (7904): [36mrequest completed[39m
    [35mreq[39m: {
      "id": 38,
      "method": "GET",
      "url": "/api/ai/chat/sessions"
    }
    [35mres[39m: {
      "statusCode": 200
    }
    [35mresponseTime[39m: 3
···[03:13:52.470] [32mINFO[39m (7904): [36mrequest completed[39m
    [35mreq[39m: {
      "id": 39,
      "method": "GET",
      "url": "/api/ai/chat/sessions"
    }
    [35mres[39m: {
      "statusCode": 200
    }
    [35mresponseTime[39m: 2
[03:13:52.491] [32mINFO[39m (7904): [36mrequest completed[39m
    [35mreq[39m: {
      "id": 40,
      "method": "GET",
      "url": "/api/ai/chat/sessions"
    }
    [35mres[39m: {
      "statusCode": 200
    }
    [35mresponseTime[39m: 3
[03:13:52.525] [32mINFO[39m (7904): [36mrequest completed[39m
    [35mreq[39m: {
      "id": 41,
      "method": "GET",
      "url": "/api/ai/chat/sessions"
    }
    [35mres[39m: {
      "statusCode": 200
    }
    [35mresponseTime[39m: 3
[03:13:52.555] [32mINFO[39m (7904): [36mrequest completed[39m
    [35mreq[39m: {
      "id": 42,
      "method": "GET",
      "url": "/api/ai/chat/sessions"
    }
    [35mres[39m: {
      "statusCode": 200
    }
    [35mresponseTime[39m: 3
[03:13:52.576] [32mINFO[39m (7904): [36mrequest completed[39m
    [35mreq[39m: {
      "id": 43,
      "method": "GET",
      "url": "/api/ai/chat/bfa1d7a4-ddaa-4b7c-80c7-9e5f3be1b814/messages"
    }
    [35mres[39m: {
      "statusCode": 404
    }
    [35mresponseTime[39m: 2
[03:13:52.590] [33mWARN[39m (7904): [36mproject rootPath is inaccessible — file tools disabled[39m
    [35mscope[39m: "rootpath-validator"
    [35mcode[39m: "ROOTPATH_NOT_ACCESSIBLE"
    [35mprojectId[39m: "9471bb1a-74ab-477c-99ca-dfaf92fd159b"
    [35mrootPath[39m: "/tmp/ai-test-9471bb1a-74ab-477c-99ca-dfaf92fd159b"
[03:13:52.593] [32mINFO[39m (7904): [36mprovider selection complete (quality-ordered)[39m
    [35mscope[39m: "provider-selection"
    [35maction[39m: "collect_available_providers"
    [35mqualityProfile[39m: "analysis"
    [35mrequireTools[39m: false
    [35mavailable[39m: [
      "openrouter",
      "groq"
    ]
    [35mskipped[39m: [
      {
        "provider": "gemini",
        "reason": "no_api_key"
      },
      {
        "provider": "deepseek",
        "reason": "no_api_key"
      }
    ]
    [35mfinalOrder[39m: [
      "openrouter",
      "groq"
    ]
[03:13:52.593] [32mINFO[39m (7904): [36mresolved primary provider: openrouter[39m
    [35mscope[39m: "provider-selection"
    [35maction[39m: "resolve_provider"
    [35mselected[39m: "openrouter"
    [35mrequireTools[39m: false
    [35mqualityProfile[39m: "analysis"
[03:13:52.593] [32mINFO[39m (7904): [36mchat: dispatching chatWithFallback[39m
    [35mscope[39m: "chat-route"
    [35maction[39m: "pre_chat_trace"
    [35mprovider[39m: "openrouter"
    [35msessionId[39m: null
    [35mprojectId[39m: "9471bb1a-74ab-477c-99ca-dfaf92fd159b"
    [35mlinkedTaskId[39m: null
    [35mtaskLoaded[39m: false
    [35mpromptMode[39m: "chat"
    [35mmessageCount[39m: 0
    [35mturnIntent[39m: "FORENSIC_AUDIT"
    [35mrequireTools[39m: false
    [35mrequiresEvidence[39m: true
    [35mqualityProfile[39m: "analysis"
    [35mcontextProfile[39m: "chat-deep"
    [35mexecutionHandoff[39m: {
      "requested": false,
      "sessionId": null,
      "historyMessageCount": 0,
      "repairPlanCandidateCount": 0
    }
[03:13:52.596] [32mINFO[39m (7904): [36mprovider selection complete (quality-ordered)[39m
    [35mscope[39m: "provider-selection"
    [35maction[39m: "collect_available_providers"
    [35mqualityProfile[39m: "analysis"
    [35mrequireTools[39m: false
    [35mavailable[39m: [
      "openrouter",
      "groq"
    ]
    [35mskipped[39m: [
      {
        "provider": "gemini",
        "reason": "no_api_key"
      },
      {
        "provider": "deepseek",
        "reason": "no_api_key"
      }
    ]
    [35mfinalOrder[39m: [
      "openrouter",
      "groq"
    ]
[03:13:52.602] [32mINFO[39m (7904): [36mrequest completed[39m
    [35mreq[39m: {
      "id": 44,
      "method": "POST",
      "url": "/api/ai/chat"
    }
    [35mres[39m: {
      "statusCode": 200
    }
    [35mresponseTime[39m: 20
·····[03:13:52.609] [32mINFO[39m (7904): [36mrequest completed[39m
    [35mreq[39m: {
      "id": 45,
      "method": "GET",
      "url": "/api/ai/chat/aa6ebaf6-e894-4c18-9269-194cbe15ea88/messages"
    }
    [35mres[39m: {
      "statusCode": 200
    }
    [35mresponseTime[39m: 3
[03:13:52.635] [32mINFO[39m (7904): [36mrequest completed[39m
    [35mreq[39m: {
      "id": 46,
      "method": "GET",
      "url": "/api/ai/chat/1e7a5593-e219-47ca-919c-561e95f83c52/messages"
    }
    [35mres[39m: {
      "statusCode": 200
    }
    [35mresponseTime[39m: 3
[03:13:52.665] [32mINFO[39m (7904): [36mrequest completed[39m
    [35mreq[39m: {
      "id": 47,
      "method": "GET",
      "url": "/api/ai/chat/86548332-2a50-4627-8783-7ff788bf9f83/messages"
    }
    [35mres[39m: {
      "statusCode": 200
    }
    [35mresponseTime[39m: 4
[03:13:52.690] [32mINFO[39m (7904): [36mrequest completed[39m
    [35mreq[39m: {
      "id": 48,
      "method": "GET",
      "url": "/api/ai/chat/54ff3a96-ba14-48d0-a8ae-13bb066fbcb9/messages"
    }
    [35mres[39m: {
      "statusCode": 200
    }
    [35mresponseTime[39m: 2
····[03:13:52.716] [32mINFO[39m (7904): [36mrequest completed[39m
    [35mreq[39m: {
      "id": 49,
      "method": "GET",
      "url": "/api/ai/chat/5d97dd03-eea3-49d7-bd67-14635348bd6d/messages"
    }
    [35mres[39m: {
      "statusCode": 200
    }
    [35mresponseTime[39m: 3
[03:13:52.755] [32mINFO[39m (7904): [36mrequest completed[39m
    [35mreq[39m: {
      "id": 50,
      "method": "GET",
      "url": "/api/ai/chat/b44a8d61-1871-4db9-8e22-bbb9f1c4debf/messages"
    }
    [35mres[39m: {
      "statusCode": 200
    }
    [35mresponseTime[39m: 3
[03:13:52.783] [32mINFO[39m (7904): [36mrequest completed[39m
    [35mreq[39m: {
      "id": 51,
      "method": "GET",
      "url": "/api/ai/chat/96d868dd-279a-4339-a478-1544a88b19ad/messages"
    }
    [35mres[39m: {
      "statusCode": 200
    }
    [35mresponseTime[39m: 3
[03:13:52.805] [32mINFO[39m (7904): [36mrequest completed[39m
    [35mreq[39m: {
      "id": 52,
      "method": "GET",
      "url": "/api/ai/chat/file-content"
    }
    [35mres[39m: {
      "statusCode": 200
    }
    [35mresponseTime[39m: 3
····[03:13:52.823] [32mINFO[39m (7904): [36mrequest completed[39m
    [35mreq[39m: {
      "id": 53,
      "method": "GET",
      "url": "/api/ai/chat/file-content"
    }
    [35mres[39m: {
      "statusCode": 200
    }
    [35mresponseTime[39m: 2
[03:13:52.839] [32mINFO[39m (7904): [36mrequest completed[39m
    [35mreq[39m: {
      "id": 54,
      "method": "GET",
      "url": "/api/ai/chat/file-content"
    }
    [35mres[39m: {
      "statusCode": 400
    }
    [35mresponseTime[39m: 1
[03:13:52.854] [32mINFO[39m (7904): [36mrequest completed[39m
    [35mreq[39m: {
      "id": 55,
      "method": "GET",
      "url": "/api/ai/chat/file-content"
    }
    [35mres[39m: {
      "statusCode": 200
    }
    [35mresponseTime[39m: 2
[03:13:52.869] [32mINFO[39m (7904): [36mrequest completed[39m
    [35mreq[39m: {
      "id": 56,
      "method": "GET",
      "url": "/api/ai/chat/file-content"
    }
    [35mres[39m: {
      "statusCode": 400
    }
    [35mresponseTime[39m: 2
[03:13:52.883] [32mINFO[39m (7904): [36mrequest completed[39m
    [35mreq[39m: {
      "id": 57,
      "method": "GET",
      "url": "/api/ai/chat/file-content"
    }
    [35mres[39m: {
      "statusCode": 200
    }
    [35mresponseTime[39m: 2
[03:13:52.898] [33mWARN[39m (7904): [36mproject rootPath is inaccessible — file tools disabled[39m
    [35mscope[39m: "rootpath-validator"
    [35mcode[39m: "ROOTPATH_NOT_ACCESSIBLE"
    [35mprojectId[39m: "e7678347-2966-4bfb-ac9d-f31c7e6430bf"
    [35mrootPath[39m: "/tmp/ai-test-e7678347-2966-4bfb-ac9d-f31c7e6430bf"
[03:13:52.898] [32mINFO[39m (7904): [36mAI scan analysis requested[39m
    [35mprojectId[39m: "e7678347-2966-4bfb-ac9d-f31c7e6430bf"
[03:13:52.901] [32mINFO[39m (7904): [36mprovider selection complete (quality-ordered)[39m
    [35mscope[39m: "provider-selection"
    [35maction[39m: "collect_available_providers"
    [35mqualityProfile[39m: "analysis"
    [35mrequireTools[39m: false
    [35mavailable[39m: [
      "openrouter",
      "groq"
    ]
    [35mskipped[39m: [
      {
        "provider": "gemini",
        "reason": "no_api_key"
      },
      {
        "provider": "deepseek",
        "reason": "no_api_key"
      }
    ]
    [35mfinalOrder[39m: [
      "openrouter",
      "groq"
    ]
[03:13:52.901] [32mINFO[39m (7904): [36mresolved primary provider: openrouter[39m
    [35mscope[39m: "provider-selection"
    [35maction[39m: "resolve_provider"
    [35mselected[39m: "openrouter"
    [35mrequireTools[39m: false
    [35mqualityProfile[39m: "analysis"
[03:13:52.906] [32mINFO[39m (7904): [36mprovider selection complete (quality-ordered)[39m
    [35mscope[39m: "provider-selection"
    [35maction[39m: "collect_available_providers"
    [35mqualityProfile[39m: "analysis"
    [35mrequireTools[39m: false
    [35mavailable[39m: [
      "openrouter",
      "groq"
    ]
    [35mskipped[39m: [
      {
        "provider": "gemini",
        "reason": "no_api_key"
      },
      {
        "provider": "deepseek",
        "reason": "no_api_key"
      }
    ]
    [35mfinalOrder[39m: [
      "openrouter",
      "groq"
    ]
[03:13:52.913] [32mINFO[39m (7904): [36mrequest completed[39m
    [35mreq[39m: {
      "id": 58,
      "method": "POST",
      "url": "/api/ai/projects/e7678347-2966-4bfb-ac9d-f31c7e6430bf/analyze"
    }
    [35mres[39m: {
      "statusCode": 200
    }
    [35mresponseTime[39m: 17
·····[03:13:52.936] [33mWARN[39m (7904): [36mproject rootPath is inaccessible — file tools disabled[39m
    [35mscope[39m: "rootpath-validator"
    [35mcode[39m: "ROOTPATH_NOT_ACCESSIBLE"
    [35mprojectId[39m: "6f63360c-e400-4a35-8bb1-147f22a6486b"
    [35mrootPath[39m: "/tmp/ai-test-6f63360c-e400-4a35-8bb1-147f22a6486b"
[03:13:52.937] [32mINFO[39m (7904): [36mAI scan analysis requested[39m
    [35mprojectId[39m: "6f63360c-e400-4a35-8bb1-147f22a6486b"
[03:13:52.940] [32mINFO[39m (7904): [36mprovider selection complete (quality-ordered)[39m
    [35mscope[39m: "provider-selection"
    [35maction[39m: "collect_available_providers"
    [35mqualityProfile[39m: "analysis"
    [35mrequireTools[39m: false
    [35mavailable[39m: [
      "openrouter",
      "groq"
    ]
    [35mskipped[39m: [
      {
        "provider": "gemini",
        "reason": "no_api_key"
      },
      {
        "provider": "deepseek",
        "reason": "no_api_key"
      }
    ]
    [35mfinalOrder[39m: [
      "openrouter",
      "groq"
    ]
[03:13:52.940] [32mINFO[39m (7904): [36mresolved primary provider: openrouter[39m
    [35mscope[39m: "provider-selection"
    [35maction[39m: "resolve_provider"
    [35mselected[39m: "openrouter"
    [35mrequireTools[39m: false
    [35mqualityProfile[39m: "analysis"
[03:13:52.945] [32mINFO[39m (7904): [36mprovider selection complete (quality-ordered)[39m
    [35mscope[39m: "provider-selection"
    [35maction[39m: "collect_available_providers"
    [35mqualityProfile[39m: "analysis"
    [35mrequireTools[39m: false
    [35mavailable[39m: [
      "openrouter",
      "groq"
    ]
    [35mskipped[39m: [
      {
        "provider": "gemini",
        "reason": "no_api_key"
      },
      {
        "provider": "deepseek",
        "reason": "no_api_key"
      }
    ]
    [35mfinalOrder[39m: [
      "openrouter",
      "groq"
    ]
[03:13:52.949] [32mINFO[39m (7904): [36mrequest completed[39m
    [35mreq[39m: {
      "id": 59,
      "method": "POST",
      "url": "/api/ai/projects/6f63360c-e400-4a35-8bb1-147f22a6486b/analyze"
    }
    [35mres[39m: {
      "statusCode": 200
    }
    [35mresponseTime[39m: 14
[03:13:52.967] [33mWARN[39m (7904): [36mproject rootPath is inaccessible — file tools disabled[39m
    [35mscope[39m: "rootpath-validator"
    [35mcode[39m: "ROOTPATH_NOT_ACCESSIBLE"
    [35mprojectId[39m: "1fbc267f-152d-44c4-94c2-762d1214c237"
    [35mrootPath[39m: "/tmp/ai-test-1fbc267f-152d-44c4-94c2-762d1214c237"
[03:13:52.967] [32mINFO[39m (7904): [36mAI scan analysis requested[39m
    [35mprojectId[39m: "1fbc267f-152d-44c4-94c2-762d1214c237"
[03:13:52.970] [32mINFO[39m (7904): [36mprovider selection complete (quality-ordered)[39m
    [35mscope[39m: "provider-selection"
    [35maction[39m: "collect_available_providers"
    [35mqualityProfile[39m: "analysis"
    [35mrequireTools[39m: false
    [35mavailable[39m: [
      "openrouter",
      "groq"
    ]
    [35mskipped[39m: [
      {
        "provider": "gemini",
        "reason": "no_api_key"
      },
      {
        "provider": "deepseek",
        "reason": "no_api_key"
      }
    ]
    [35mfinalOrder[39m: [
      "openrouter",
      "groq"
    ]
[03:13:52.970] [32mINFO[39m (7904): [36mresolved primary provider: openrouter[39m
    [35mscope[39m: "provider-selection"
    [35maction[39m: "resolve_provider"
    [35mselected[39m: "openrouter"
    [35mrequireTools[39m: false
    [35mqualityProfile[39m: "analysis"
[03:13:52.976] [32mINFO[39m (7904): [36mprovider selection complete (quality-ordered)[39m
    [35mscope[39m: "provider-selection"
    [35maction[39m: "collect_available_providers"
    [35mqualityProfile[39m: "analysis"
    [35mrequireTools[39m: false
    [35mavailable[39m: [
      "openrouter",
      "groq"
    ]
    [35mskipped[39m: [
      {
        "provider": "gemini",
        "reason": "no_api_key"
      },
      {
        "provider": "deepseek",
        "reason": "no_api_key"
      }
    ]
    [35mfinalOrder[39m: [
      "openrouter",
      "groq"
    ]
[03:13:52.976] [33mWARN[39m (7904): [36mscan-analyst: parse error[39m
    [35mprojectId[39m: "1fbc267f-152d-44c4-94c2-762d1214c237"
    [35mparseCode[39m: "MALFORMED_JSON"
    [35mmessage[39m: "JSON parse error from /tmp/parser-output.txt (request req-analysis-123)"
    [35mprovider[39m: "openrouter"
[03:13:52.977] [32mINFO[39m (7904): [36mrequest completed[39m
    [35mreq[39m: {
      "id": 60,
      "method": "POST",
      "url": "/api/ai/projects/1fbc267f-152d-44c4-94c2-762d1214c237/analyze"
    }
    [35mres[39m: {
      "statusCode": 422
    }
    [35mresponseTime[39m: 12
[03:13:52.992] [32mINFO[39m (7904): [36mprovider selection complete (quality-ordered)[39m
    [35mscope[39m: "provider-selection"
    [35maction[39m: "collect_available_providers"
    [35mqualityProfile[39m: "analysis"
    [35mrequireTools[39m: false
    [35mavailable[39m: [
      "openrouter",
      "groq"
    ]
    [35mskipped[39m: [
      {
        "provider": "gemini",
        "reason": "no_api_key"
      },
      {
        "provider": "deepseek",
        "reason": "no_api_key"
      }
    ]
    [35mfinalOrder[39m: [
      "openrouter",
      "groq"
    ]
[03:13:52.992] [32mINFO[39m (7904): [36mresolved primary provider: openrouter[39m
    [35mscope[39m: "provider-selection"
    [35maction[39m: "resolve_provider"
    [35mselected[39m: "openrouter"
    [35mrequireTools[39m: false
    [35mqualityProfile[39m: "analysis"
[03:13:52.992] [33mWARN[39m (7904): [36mproject rootPath is inaccessible — file tools disabled[39m
    [35mscope[39m: "rootpath-validator"
    [35mcode[39m: "ROOTPATH_NOT_ACCESSIBLE"
    [35mprojectId[39m: "259cfc80-c66f-45e7-afe2-6c4712ec93c2"
    [35mrootPath[39m: "/tmp/ai-test-259cfc80-c66f-45e7-afe2-6c4712ec93c2"
[03:13:52.998] [32mINFO[39m (7904): [36mprovider selection complete (quality-ordered)[39m
    [35mscope[39m: "provider-selection"
    [35maction[39m: "collect_available_providers"
    [35mqualityProfile[39m: "analysis"
    [35mrequireTools[39m: false
    [35mavailable[39m: [
      "openrouter",
      "groq"
    ]
    [35mskipped[39m: [
      {
        "provider": "gemini",
        "reason": "no_api_key"
      },
      {
        "provider": "deepseek",
        "reason": "no_api_key"
      }
    ]
    [35mfinalOrder[39m: [
      "openrouter",
      "groq"
    ]
[03:13:53.004] [32mINFO[39m (7904): [36mAI scan analysis stream completed[39m
    [35mprojectId[39m: "259cfc80-c66f-45e7-afe2-6c4712ec93c2"
    [35mprovider[39m: "openrouter"
[03:13:53.004] [32mINFO[39m (7904): [36mrequest completed[39m
    [35mreq[39m: {
      "id": 61,
      "method": "POST",
      "url": "/api/ai/projects/259cfc80-c66f-45e7-afe2-6c4712ec93c2/analyze/stream"
    }
    [35mres[39m: {
      "statusCode": 200
    }
    [35mresponseTime[39m: 16
[03:13:53.022] [33mWARN[39m (7904): [36mproject rootPath is inaccessible — file tools disabled[39m
    [35mscope[39m: "rootpath-validator"
    [35mcode[39m: "ROOTPATH_NOT_ACCESSIBLE"
    [35mprojectId[39m: "76eadf4b-66c6-4a02-9d4a-78f8713e78ba"
    [35mrootPath[39m: "/tmp/ai-test-76eadf4b-66c6-4a02-9d4a-78f8713e78ba"
[03:13:53.022] [32mINFO[39m (7904): [36mAI code review requested[39m
    [35mprojectId[39m: "76eadf4b-66c6-4a02-9d4a-78f8713e78ba"
[03:13:53.028] [32mINFO[39m (7904): [36mprovider selection complete (quality-ordered)[39m
    [35mscope[39m: "provider-selection"
    [35maction[39m: "collect_available_providers"
    [35mqualityProfile[39m: "code_review"
    [35mrequireTools[39m: false
    [35mavailable[39m: [
      "openrouter",
      "groq"
    ]
    [35mskipped[39m: [
      {
        "provider": "gemini",
        "reason": "no_api_key"
      },
      {
        "provider": "deepseek",
        "reason": "no_api_key"
      }
    ]
    [35mfinalOrder[39m: [
      "openrouter",
      "groq"
    ]
[03:13:53.028] [32mINFO[39m (7904): [36mresolved primary provider: openrouter[39m
    [35mscope[39m: "provider-selection"
    [35maction[39m: "resolve_provider"
    [35mselected[39m: "openrouter"
    [35mrequireTools[39m: false
    [35mqualityProfile[39m: "code_review"
[03:13:53.030] [32mINFO[39m (7904): [36mprovider selection complete (quality-ordered)[39m
    [35mscope[39m: "provider-selection"
    [35maction[39m: "collect_available_providers"
    [35mqualityProfile[39m: "code_review"
    [35mrequireTools[39m: false
    [35mavailable[39m: [
      "openrouter",
      "groq"
    ]
    [35mskipped[39m: [
      {
        "provider": "gemini",
        "reason": "no_api_key"
      },
      {
        "provider": "deepseek",
        "reason": "no_api_key"
      }
    ]
    [35mfinalOrder[39m: [
      "openrouter",
      "groq"
    ]
····[03:13:53.037] [32mINFO[39m (7904): [36mrequest completed[39m
    [35mreq[39m: {
      "id": 62,
      "method": "POST",
      "url": "/api/ai/projects/76eadf4b-66c6-4a02-9d4a-78f8713e78ba/review"
    }
    [35mres[39m: {
      "statusCode": 200
    }
    [35mresponseTime[39m: 17
[03:13:53.058] [33mWARN[39m (7904): [36mproject rootPath is inaccessible — file tools disabled[39m
    [35mscope[39m: "rootpath-validator"
    [35mcode[39m: "ROOTPATH_NOT_ACCESSIBLE"
    [35mprojectId[39m: "52d0b32a-404c-41e0-9fbf-f426279a7023"
    [35mrootPath[39m: "/tmp/ai-test-52d0b32a-404c-41e0-9fbf-f426279a7023"
[03:13:53.058] [32mINFO[39m (7904): [36mAI code review requested[39m
    [35mprojectId[39m: "52d0b32a-404c-41e0-9fbf-f426279a7023"
[03:13:53.063] [32mINFO[39m (7904): [36mprovider selection complete (quality-ordered)[39m
    [35mscope[39m: "provider-selection"
    [35maction[39m: "collect_available_providers"
    [35mqualityProfile[39m: "code_review"
    [35mrequireTools[39m: false
    [35mavailable[39m: [
      "openrouter",
      "groq"
    ]
    [35mskipped[39m: [
      {
        "provider": "gemini",
        "reason": "no_api_key"
      },
      {
        "provider": "deepseek",
        "reason": "no_api_key"
      }
    ]
    [35mfinalOrder[39m: [
      "openrouter",
      "groq"
    ]
[03:13:53.063] [32mINFO[39m (7904): [36mresolved primary provider: openrouter[39m
    [35mscope[39m: "provider-selection"
    [35maction[39m: "resolve_provider"
    [35mselected[39m: "openrouter"
    [35mrequireTools[39m: false
    [35mqualityProfile[39m: "code_review"
[03:13:53.065] [32mINFO[39m (7904): [36mprovider selection complete (quality-ordered)[39m
    [35mscope[39m: "provider-selection"
    [35maction[39m: "collect_available_providers"
    [35mqualityProfile[39m: "code_review"
    [35mrequireTools[39m: false
    [35mavailable[39m: [
      "openrouter",
      "groq"
    ]
    [35mskipped[39m: [
      {
        "provider": "gemini",
        "reason": "no_api_key"
      },
      {
        "provider": "deepseek",
        "reason": "no_api_key"
      }
    ]
    [35mfinalOrder[39m: [
      "openrouter",
      "groq"
    ]
[03:13:53.069] [32mINFO[39m (7904): [36mrequest completed[39m
    [35mreq[39m: {
      "id": 63,
      "method": "POST",
      "url": "/api/ai/projects/52d0b32a-404c-41e0-9fbf-f426279a7023/review"
    }
    [35mres[39m: {
      "statusCode": 200
    }
    [35mresponseTime[39m: 13
[03:13:53.089] [33mWARN[39m (7904): [36mproject rootPath is inaccessible — file tools disabled[39m
    [35mscope[39m: "rootpath-validator"
    [35mcode[39m: "ROOTPATH_NOT_ACCESSIBLE"
    [35mprojectId[39m: "a60bb60b-84f9-4c59-a6f7-74c312857833"
    [35mrootPath[39m: "/tmp/ai-test-a60bb60b-84f9-4c59-a6f7-74c312857833"
[03:13:53.089] [32mINFO[39m (7904): [36mAI code review requested[39m
    [35mprojectId[39m: "a60bb60b-84f9-4c59-a6f7-74c312857833"
[03:13:53.095] [32mINFO[39m (7904): [36mprovider selection complete (quality-ordered)[39m
    [35mscope[39m: "provider-selection"
    [35maction[39m: "collect_available_providers"
    [35mqualityProfile[39m: "code_review"
    [35mrequireTools[39m: false
    [35mavailable[39m: [
      "openrouter",
      "groq"
    ]
    [35mskipped[39m: [
      {
        "provider": "gemini",
        "reason": "no_api_key"
      },
      {
        "provider": "deepseek",
        "reason": "no_api_key"
      }
    ]
    [35mfinalOrder[39m: [
      "openrouter",
      "groq"
    ]
[03:13:53.095] [32mINFO[39m (7904): [36mresolved primary provider: openrouter[39m
    [35mscope[39m: "provider-selection"
    [35maction[39m: "resolve_provider"
    [35mselected[39m: "openrouter"
    [35mrequireTools[39m: false
    [35mqualityProfile[39m: "code_review"
[03:13:53.097] [32mINFO[39m (7904): [36mprovider selection complete (quality-ordered)[39m
    [35mscope[39m: "provider-selection"
    [35maction[39m: "collect_available_providers"
    [35mqualityProfile[39m: "code_review"
    [35mrequireTools[39m: false
    [35mavailable[39m: [
      "openrouter",
      "groq"
    ]
    [35mskipped[39m: [
      {
        "provider": "gemini",
        "reason": "no_api_key"
      },
      {
        "provider": "deepseek",
        "reason": "no_api_key"
      }
    ]
    [35mfinalOrder[39m: [
      "openrouter",
      "groq"
    ]
[03:13:53.097] [33mWARN[39m (7904): [36mcode-reviewer: parse error[39m
    [35mprojectId[39m: "a60bb60b-84f9-4c59-a6f7-74c312857833"
    [35mparseCode[39m: "SCHEMA_VALIDATION_FAILED"
    [35mmessage[39m: "missing field"
    [35mprovider[39m: "openrouter"
[03:13:53.097] [32mINFO[39m (7904): [36mrequest completed[39m
    [35mreq[39m: {
      "id": 64,
      "method": "POST",
      "url": "/api/ai/projects/a60bb60b-84f9-4c59-a6f7-74c312857833/review"
    }
    [35mres[39m: {
      "statusCode": 422
    }
    [35mresponseTime[39m: 10
[03:13:53.113] [32mINFO[39m (7904): [36mprovider selection complete (quality-ordered)[39m
    [35mscope[39m: "provider-selection"
    [35maction[39m: "collect_available_providers"
    [35mqualityProfile[39m: "code_review"
    [35mrequireTools[39m: false
    [35mavailable[39m: [
      "openrouter",
      "groq"
    ]
    [35mskipped[39m: [
      {
        "provider": "gemini",
        "reason": "no_api_key"
      },
      {
        "provider": "deepseek",
        "reason": "no_api_key"
      }
    ]
    [35mfinalOrder[39m: [
      "openrouter",
      "groq"
    ]
[03:13:53.113] [32mINFO[39m (7904): [36mresolved primary provider: openrouter[39m
    [35mscope[39m: "provider-selection"
    [35maction[39m: "resolve_provider"
    [35mselected[39m: "openrouter"
    [35mrequireTools[39m: false
    [35mqualityProfile[39m: "code_review"
[03:13:53.114] [33mWARN[39m (7904): [36mproject rootPath is inaccessible — file tools disabled[39m
    [35mscope[39m: "rootpath-validator"
    [35mcode[39m: "ROOTPATH_NOT_ACCESSIBLE"
    [35mprojectId[39m: "83dc3041-8210-4262-8a53-f62b559b3d51"
    [35mrootPath[39m: "/tmp/ai-test-83dc3041-8210-4262-8a53-f62b559b3d51"
[03:13:53.121] [32mINFO[39m (7904): [36mprovider selection complete (quality-ordered)[39m
    [35mscope[39m: "provider-selection"
    [35maction[39m: "collect_available_providers"
    [35mqualityProfile[39m: "code_review"
    [35mrequireTools[39m: false
    [35mavailable[39m: [
      "openrouter",
      "groq"
    ]
    [35mskipped[39m: [
      {
        "provider": "gemini",
        "reason": "no_api_key"
      },
      {
        "provider": "deepseek",
        "reason": "no_api_key"
      }
    ]
    [35mfinalOrder[39m: [
      "openrouter",
      "groq"
    ]
[03:13:53.126] [32mINFO[39m (7904): [36mAI code review stream completed[39m
    [35mprojectId[39m: "83dc3041-8210-4262-8a53-f62b559b3d51"
    [35mprovider[39m: "openrouter"
[03:13:53.126] [32mINFO[39m (7904): [36mrequest completed[39m
    [35mreq[39m: {
      "id": 65,
      "method": "POST",
      "url": "/api/ai/projects/83dc3041-8210-4262-8a53-f62b559b3d51/review/stream"
    }
    [35mres[39m: {
      "statusCode": 200
    }
    [35mresponseTime[39m: 17
····[03:13:53.141] [32mINFO[39m (7904): [36mrequest completed[39m
    [35mreq[39m: {
      "id": 66,
      "method": "POST",
      "url": "/api/ai/workflows/5cd81168-69f7-4fde-8b63-56b90909be19/orchestrate"
    }
    [35mres[39m: {
      "statusCode": 404
    }
    [35mresponseTime[39m: 2
[03:13:53.157] [32mINFO[39m (7904): [36mprovider selection complete (quality-ordered)[39m
    [35mscope[39m: "provider-selection"
    [35maction[39m: "collect_available_providers"
    [35mqualityProfile[39m: "workflow"
    [35mrequireTools[39m: false
    [35mavailable[39m: [
      "openrouter",
      "groq"
    ]
    [35mskipped[39m: [
      {
        "provider": "gemini",
        "reason": "no_api_key"
      },
      {
        "provider": "deepseek",
        "reason": "no_api_key"
      }
    ]
    [35mfinalOrder[39m: [
      "openrouter",
      "groq"
    ]
[03:13:53.157] [32mINFO[39m (7904): [36mresolved primary provider: openrouter[39m
    [35mscope[39m: "provider-selection"
    [35maction[39m: "resolve_provider"
    [35mselected[39m: "openrouter"
    [35mrequireTools[39m: false
    [35mqualityProfile[39m: "workflow"
[03:13:53.172] [32mINFO[39m (7904): [36mAI workflow orchestration decision[39m
    [35mworkflowId[39m: "637cf966-bb1c-4624-a10a-e90b81d4a2ec"
    [35mdecision[39m: {
      "action": "advance",
      "reasoning": "All conditions met",
      "nextPhase": "Phase 2"
    }
[03:13:53.183] [32mINFO[39m (7904): [36mrequest completed[39m
    [35mreq[39m: {
      "id": 67,
      "method": "POST",
      "url": "/api/ai/workflows/637cf966-bb1c-4624-a10a-e90b81d4a2ec/orchestrate"
    }
    [35mres[39m: {
      "statusCode": 200
    }
    [35mresponseTime[39m: 33
··[03:13:53.217] [32mINFO[39m (7904): [36mprovider selection complete (quality-ordered)[39m
    [35mscope[39m: "provider-selection"
    [35maction[39m: "collect_available_providers"
    [35mqualityProfile[39m: "workflow"
    [35mrequireTools[39m: false
    [35mavailable[39m: [
      "openrouter",
      "groq"
    ]
    [35mskipped[39m: [
      {
        "provider": "gemini",
        "reason": "no_api_key"
      },
      {
        "provider": "deepseek",
        "reason": "no_api_key"
      }
    ]
    [35mfinalOrder[39m: [
      "openrouter",
      "groq"
    ]
[03:13:53.217] [32mINFO[39m (7904): [36mresolved primary provider: openrouter[39m
    [35mscope[39m: "provider-selection"
    [35maction[39m: "resolve_provider"
    [35mselected[39m: "openrouter"
    [35mrequireTools[39m: false
    [35mqualityProfile[39m: "workflow"
[03:13:53.232] [32mINFO[39m (7904): [36mAI workflow orchestration decision[39m
    [35mworkflowId[39m: "6d2df674-473e-4d26-b8cf-8b26d0209448"
    [35mdecision[39m: {
      "action": "advance",
      "reasoning": "All conditions met",
      "nextPhase": "Phase 2"
    }
[03:13:53.242] [32mINFO[39m (7904): [36mrequest completed[39m
    [35mreq[39m: {
      "id": 68,
      "method": "POST",
      "url": "/api/ai/workflows/6d2df674-473e-4d26-b8cf-8b26d0209448/orchestrate"
    }
    [35mres[39m: {
      "statusCode": 200
    }
    [35mresponseTime[39m: 33
[03:13:53.268] [32mINFO[39m (7904): [36mprovider selection complete (quality-ordered)[39m
    [35mscope[39m: "provider-selection"
    [35maction[39m: "collect_available_providers"
    [35mqualityProfile[39m: "workflow"
    [35mrequireTools[39m: false
    [35mavailable[39m: [
      "openrouter",
      "groq"
    ]
    [35mskipped[39m: [
      {
        "provider": "gemini",
        "reason": "no_api_key"
      },
      {
        "provider": "deepseek",
        "reason": "no_api_key"
      }
    ]
    [35mfinalOrder[39m: [
      "openrouter",
      "groq"
    ]
[03:13:53.268] [32mINFO[39m (7904): [36mresolved primary provider: openrouter[39m
    [35mscope[39m: "provider-selection"
    [35maction[39m: "resolve_provider"
    [35mselected[39m: "openrouter"
    [35mrequireTools[39m: false
    [35mqualityProfile[39m: "workflow"
[03:13:53.287] [32mINFO[39m (7904): [36mrequest completed[39m
    [35mreq[39m: {
      "id": 69,
      "method": "POST",
      "url": "/api/ai/workflows/8e4e80e0-fdd5-44fd-99ed-7b5aa2609c36/orchestrate"
    }
    [35mres[39m: {
      "statusCode": 422
    }
    [35mresponseTime[39m: 24
[03:13:53.312] [32mINFO[39m (7904): [36mrequest completed[39m
    [35mreq[39m: {
      "id": 70,
      "method": "POST",
      "url": "/api/workflows"
    }
    [35mres[39m: {
      "statusCode": 201
    }
    [35mresponseTime[39m: 11
[03:13:53.340] [32mINFO[39m (7904): [36mrequest completed[39m
    [35mreq[39m: {
      "id": 71,
      "method": "POST",
      "url": "/api/workflows/0156a881-8141-4230-96eb-ddb6bc17b30b/start"
    }
    [35mres[39m: {
      "statusCode": 202
    }
    [35mresponseTime[39m: 26
[03:13:53.348] [32mINFO[39m (7904): [36mprovider selection complete (quality-ordered)[39m
    [35mscope[39m: "provider-selection"
    [35maction[39m: "collect_available_providers"
    [35mqualityProfile[39m: "workflow"
    [35mrequireTools[39m: false
    [35mavailable[39m: [
      "openrouter",
      "groq"
    ]
    [35mskipped[39m: [
      {
        "provider": "gemini",
        "reason": "no_api_key"
      },
      {
        "provider": "deepseek",
        "reason": "no_api_key"
      }
    ]
    [35mfinalOrder[39m: [
      "openrouter",
      "groq"
    ]
[03:13:53.348] [32mINFO[39m (7904): [36mresolved primary provider: openrouter[39m
    [35mscope[39m: "provider-selection"
    [35maction[39m: "resolve_provider"
    [35mselected[39m: "openrouter"
    [35mrequireTools[39m: false
    [35mqualityProfile[39m: "workflow"
··[03:13:53.364] [32mINFO[39m (7904): [36mAI workflow orchestration decision[39m
    [35mworkflowId[39m: "0156a881-8141-4230-96eb-ddb6bc17b30b"
    [35mdecision[39m: {
      "action": "advance",
      "reasoning": "All conditions met",
      "nextPhase": "Phase 2"
    }
[03:13:53.373] [32mINFO[39m (7904): [36mrequest completed[39m
    [35mreq[39m: {
      "id": 72,
      "method": "POST",
      "url": "/api/ai/workflows/0156a881-8141-4230-96eb-ddb6bc17b30b/orchestrate"
    }
    [35mres[39m: {
      "statusCode": 200
    }
    [35mresponseTime[39m: 29
[03:13:53.406] [32mINFO[39m (7904): [36mrequest completed[39m
    [35mreq[39m: {
      "id": 73,
      "method": "POST",
      "url": "/api/workflows/0156a881-8141-4230-96eb-ddb6bc17b30b/advance"
    }
    [35mres[39m: {
      "statusCode": 200
    }
    [35mresponseTime[39m: 30
[03:13:53.434] [32mINFO[39m (7904): [36mprovider selection complete (quality-ordered)[39m
    [35mscope[39m: "provider-selection"
    [35maction[39m: "collect_available_providers"
    [35mqualityProfile[39m: "workflow"
    [35mrequireTools[39m: false
    [35mavailable[39m: [
      "openrouter",
      "groq"
    ]
    [35mskipped[39m: [
      {
        "provider": "gemini",
        "reason": "no_api_key"
      },
      {
        "provider": "deepseek",
        "reason": "no_api_key"
      }
    ]
    [35mfinalOrder[39m: [
      "openrouter",
      "groq"
    ]
[03:13:53.434] [32mINFO[39m (7904): [36mresolved primary provider: openrouter[39m
    [35mscope[39m: "provider-selection"
    [35maction[39m: "resolve_provider"
    [35mselected[39m: "openrouter"
    [35mrequireTools[39m: false
    [35mqualityProfile[39m: "workflow"
·[03:13:53.455] [31mERROR[39m (7904): [36mAI orchestrator request failed[39m
    [35mprojectId[39m: "aa1cbdf4-d78f-4529-b2c6-08110aa179c0"
    [35moperation[39m: "workflow-orchestration"
    [35mprovider[39m: "openrouter"
    err: {
      "type": "GroqClientError",
      "message": "provider request req-secret failed at /srv/provider/workflow.ts",
      "stack":
          GroqClientError: provider request req-secret failed at /srv/provider/workflow.ts
              at /home/runner/workspace/artifacts/api-server/src/routes/ai.test.ts:2483:7
              at processTicksAndRejections (node:internal/process/task_queues:95:5)
              at file:///home/runner/workspace/node_modules/.pnpm/@vitest+runner@4.1.10/node_modules/@vitest/runner/dist/chunk-artifact.js:1903:20
      "code": "TIMEOUT",
      "name": "GroqClientError"
    }
[03:13:53.456] [32mINFO[39m (7904): [36mrequest errored[39m
    [35mreq[39m: {
      "id": 74,
      "method": "POST",
      "url": "/api/ai/workflows/73dc9b06-2f1e-4b28-9b08-e102bdbe1df8/orchestrate"
    }
    [35mres[39m: {
      "statusCode": 503
    }
    [35mresponseTime[39m: 28
    err: {
      "type": "Error",
      "message": "failed with status code 503",
      "stack":
          Error: failed with status code 503
              at onResFinished (/home/runner/workspace/node_modules/.pnpm/pino-http@10.5.0/node_modules/pino-http/logger.js:115:39)
              at ServerResponse.onResponseComplete (/home/runner/workspace/node_modules/.pnpm/pino-http@10.5.0/node_modules/pino-http/logger.js:178:14)
              at ServerResponse.emit (node:events:536:35)
              at onFinish (node:_http_outgoing:1031:10)
              at callback (node:internal/streams/writable:766:21)
              at afterWrite (node:internal/streams/writable:710:5)
              at afterWriteTick (node:internal/streams/writable:696:10)
              at processTicksAndRejections (node:internal/process/task_queues:81:21)
    }
[03:13:53.494] [32mINFO[39m (7904): [36mrequest completed[39m
    [35mreq[39m: {
      "id": 75,
      "method": "POST",
      "url": "/api/ai/chat/plans/9fb55fa2-234c-4d3f-a2c4-817008992612/decision"
    }
    [35mres[39m: {
      "statusCode": 200
    }
    [35mresponseTime[39m: 12
[03:13:53.543] [32mINFO[39m (7904): [36mrequest completed[39m
    [35mreq[39m: {
      "id": 76,
      "method": "POST",
      "url": "/api/ai/chat/plans/d10e7eac-ec4c-42c7-bda3-4360efdb0fd6/decision"
    }
    [35mres[39m: {
      "statusCode": 200
    }
    [35mresponseTime[39m: 11
[03:13:53.548] [32mINFO[39m (7904): [36mrequest completed[39m
    [35mreq[39m: {
      "id": 77,
      "method": "POST",
      "url": "/api/ai/chat/plans/d10e7eac-ec4c-42c7-bda3-4360efdb0fd6/decision"
    }
    [35mres[39m: {
      "statusCode": 409
    }
    [35mresponseTime[39m: 3
··[03:13:53.579] [32mINFO[39m (7904): [36mrequest completed[39m
    [35mreq[39m: {
      "id": 78,
      "method": "POST",
      "url": "/api/ai/chat/plans/3e988a70-6ab2-439b-aa3f-7b7ca03958b8/decision"
    }
    [35mres[39m: {
      "statusCode": 409
    }
    [35mresponseTime[39m: 3
[03:13:53.595] [32mINFO[39m (7904): [36mrequest completed[39m
    [35mreq[39m: {
      "id": 79,
      "method": "POST",
      "url": "/api/ai/chat/plans/2ccfe98d-7ff3-4564-ab5c-7f1ff801c66e/decision"
    }
    [35mres[39m: {
      "statusCode": 400
    }
    [35mresponseTime[39m: 1
[03:13:53.599] [32mINFO[39m (7904): [36mrequest completed[39m
    [35mreq[39m: {
      "id": 80,
      "method": "DELETE",
      "url": "/api/ai/chat/proposals/271f91a1-8695-4110-88ab-18e46fe6fb96"
    }
    [35mres[39m: {
      "statusCode": 404
    }
    [35mresponseTime[39m: 2
[03:13:53.636] [32mINFO[39m (7904): [36mrequest completed[39m
    [35mreq[39m: {
      "id": 83,
      "method": "DELETE",
      "url": "/api/ai/chat/proposals/203202ca-6ae8-44ba-b429-ab77eb8cdb63"
    }
    [35mres[39m: {
      "statusCode": 404
    }
    [35mresponseTime[39m: 5
[03:13:53.637] [32mINFO[39m (7904): [36mrequest completed[39m
    [35mreq[39m: {
      "id": 82,
      "method": "POST",
      "url": "/api/ai/chat/proposals/203202ca-6ae8-44ba-b429-ab77eb8cdb63/approve"
    }
    [35mres[39m: {
      "statusCode": 404
    }
    [35mresponseTime[39m: 8
[03:13:53.640] [32mINFO[39m (7904): [36mrequest completed[39m
    [35mreq[39m: {
      "id": 81,
      "method": "POST",
      "url": "/api/ai/chat/apply-changes"
    }
    [35mres[39m: {
      "statusCode": 404
    }
    [35mresponseTime[39m: 12
[03:13:53.649] [32mINFO[39m (7904): [36mrequest completed[39m
    [35mreq[39m: {
      "id": 85,
      "method": "POST",
      "url": "/api/ai/delivery/203202ca-6ae8-44ba-b429-ab77eb8cdb63/discard"
    }
    [35mres[39m: {
      "statusCode": 404
    }
    [35mresponseTime[39m: 16
[03:13:53.650] [32mINFO[39m (7904): [36mrequest completed[39m
    [35mreq[39m: {
      "id": 84,
      "method": "POST",
      "url": "/api/ai/delivery/203202ca-6ae8-44ba-b429-ab77eb8cdb63/resume-validation"
    }
    [35mres[39m: {
      "statusCode": 404
    }
    [35mresponseTime[39m: 18
····[03:13:53.692] [32mINFO[39m (7904): [36mrequest completed[39m
    [35mreq[39m: {
      "id": 86,
      "method": "GET",
      "url": "/api/ai/delivery/recoverable"
    }
    [35mres[39m: {
      "statusCode": 200
    }
    [35mresponseTime[39m: 4
[03:13:53.746] [32mINFO[39m (7904): [36mrequest completed[39m
    [35mreq[39m: {
      "id": 87,
      "method": "POST",
      "url": "/api/ai/delivery/b4134f9c-de34-4d20-b2ee-d37bebf77867/discard"
    }
    [35mres[39m: {
      "statusCode": 200
    }
    [35mresponseTime[39m: 6
[03:13:53.751] [32mINFO[39m (7904): [36mrequest completed[39m
    [35mreq[39m: {
      "id": 88,
      "method": "GET",
      "url": "/api/ai/delivery/recoverable"
    }
    [35mres[39m: {
      "statusCode": 200
    }
    [35mresponseTime[39m: 3
···[03:13:53.792] [32mINFO[39m (7904): [36mrequest completed[39m
    [35mreq[39m: {
      "id": 89,
      "method": "POST",
      "url": "/api/ai/delivery/7f33f88f-c387-4ef5-872d-e46da8c8b3a9/resume-validation"
    }
    [35mres[39m: {
      "statusCode": 404
    }
    [35mresponseTime[39m: 3
[03:13:53.793] [32mINFO[39m (7904): [36mrequest completed[39m
    [35mreq[39m: {
      "id": 90,
      "method": "POST",
      "url": "/api/ai/delivery/7f33f88f-c387-4ef5-872d-e46da8c8b3a9/discard"
    }
    [35mres[39m: {
      "statusCode": 404
    }
    [35mresponseTime[39m: 1
[03:13:53.839] [32mINFO[39m (7904): [36mrequest completed[39m
    [35mreq[39m: {
      "id": 91,
      "method": "GET",
      "url": "/api/ai/delivery/recoverable"
    }
    [35mres[39m: {
      "statusCode": 403
    }
    [35mresponseTime[39m: 2
[03:13:53.841] [32mINFO[39m (7904): [36mrequest completed[39m
    [35mreq[39m: {
      "id": 93,
      "method": "POST",
      "url": "/api/ai/delivery/4a479085-a22c-4197-8d54-d62cb78865ee/discard"
    }
    [35mres[39m: {
      "statusCode": 403
    }
    [35mresponseTime[39m: 3
[03:13:53.841] [32mINFO[39m (7904): [36mrequest completed[39m
    [35mreq[39m: {
      "id": 92,
      "method": "POST",
      "url": "/api/ai/delivery/4a479085-a22c-4197-8d54-d62cb78865ee/resume-validation"
    }
    [35mres[39m: {
      "statusCode": 403
    }
    [35mresponseTime[39m: 3
··[03:13:53.881] [32mINFO[39m (7904): [36mrequest completed[39m
    [35mreq[39m: {
      "id": 94,
      "method": "POST",
      "url": "/api/ai/delivery/6fce6695-01ac-4c6c-b104-6ad077c32eef/resume-validation"
    }
    [35mres[39m: {
      "statusCode": 409
    }
    [35mresponseTime[39m: 2
[03:13:53.931] [32mINFO[39m (7904): [36mrequest completed[39m
    [35mreq[39m: {
      "id": 95,
      "method": "POST",
      "url": "/api/ai/delivery/44db7f8f-83e2-4f49-9a4d-7e45846ceec3/resume-validation"
    }
    [35mres[39m: {
      "statusCode": 200
    }
    [35mresponseTime[39m: 16
[03:13:53.933] [32mINFO[39m (7904): [36mrequest completed[39m
    [35mreq[39m: {
      "id": 96,
      "method": "POST",
      "url": "/api/ai/delivery/44db7f8f-83e2-4f49-9a4d-7e45846ceec3/resume-validation"
    }
    [35mres[39m: {
      "statusCode": 200
    }
    [35mresponseTime[39m: 17
[03:13:53.935] [32mINFO[39m (7904): [36mrequest completed[39m
    [35mreq[39m: {
      "id": 97,
      "method": "POST",
      "url": "/api/ai/delivery/44db7f8f-83e2-4f49-9a4d-7e45846ceec3/resume-validation"
    }
    [35mres[39m: {
      "statusCode": 200
    }
    [35mresponseTime[39m: 19
··[03:13:53.979] [32mINFO[39m (7904): [36mrequest completed[39m
    [35mreq[39m: {
      "id": 98,
      "method": "POST",
      "url": "/api/ai/delivery/2501047d-b468-4506-a549-d3ce15fcf0e0/discard"
    }
    [35mres[39m: {
      "statusCode": 200
    }
    [35mresponseTime[39m: 9
[03:13:53.980] [32mINFO[39m (7904): [36mrequest completed[39m
    [35mreq[39m: {
      "id": 99,
      "method": "POST",
      "url": "/api/ai/delivery/2501047d-b468-4506-a549-d3ce15fcf0e0/discard"
    }
    [35mres[39m: {
      "statusCode": 200
    }
    [35mresponseTime[39m: 9
[03:13:53.981] [32mINFO[39m (7904): [36mrequest completed[39m
    [35mreq[39m: {
      "id": 100,
      "method": "POST",
      "url": "/api/ai/delivery/2501047d-b468-4506-a549-d3ce15fcf0e0/discard"
    }
    [35mres[39m: {
      "statusCode": 200
    }
    [35mresponseTime[39m: 9
[03:13:54.000] [32mINFO[39m (7904): [36mrequest completed[39m
    [35mreq[39m: {
      "id": 101,
      "method": "POST",
      "url": "/api/ai/chat/apply-changes"
    }
    [35mres[39m: {
      "statusCode": 400
    }
    [35mresponseTime[39m: 1
[03:13:54.013] [32mINFO[39m (7904): [36mrequest completed[39m
    [35mreq[39m: {
      "id": 102,
      "method": "POST",
      "url": "/api/ai/chat/apply-changes"
    }
    [35mres[39m: {
      "statusCode": 400
    }
    [35mresponseTime[39m: 1
···x[03:13:54.369] [31mERROR[39m (7904): [36mCannot copy a socket file: cp returned EINVAL (cannot copy a socket file: /home/runner/workspace/.engineeringos-delivery/759a4a2b-e891-4981-9a8d-d2a3105821cb/.org.chromium.Chromium.demGqb/SingletonSocket) /home/runner/workspace/.engineeringos-delivery/759a4a2b-e891-4981-9a8d-d2a3105821cb/.org.chromium.Chromium.demGqb/SingletonSocket[39m
    err: {
      "type": "NodeError",
      "message": "Cannot copy a socket file: cp returned EINVAL (cannot copy a socket file: /home/runner/workspace/.engineeringos-delivery/759a4a2b-e891-4981-9a8d-d2a3105821cb/.org.chromium.Chromium.demGqb/SingletonSocket) /home/runner/workspace/.engineeringos-delivery/759a4a2b-e891-4981-9a8d-d2a3105821cb/.org.chromium.Chromium.demGqb/SingletonSocket",
      "stack":
          SystemError: Cannot copy a socket file: cp returned EINVAL (cannot copy a socket file: /home/runner/workspace/.engineeringos-delivery/759a4a2b-e891-4981-9a8d-d2a3105821cb/.org.chromium.Chromium.demGqb/SingletonSocket) /home/runner/workspace/.engineeringos-delivery/759a4a2b-e891-4981-9a8d-d2a3105821cb/.org.chromium.Chromium.demGqb/SingletonSocket
              at getStatsForCopy (node:internal/fs/cp/cp:214:11)
              at copyDir (node:internal/fs/cp/cp:320:19)
              at mkDirAndCopy (node:internal/fs/cp/cp:309:3)
              at copyDir (node:internal/fs/cp/cp:320:19)
              at mkDirAndCopy (node:internal/fs/cp/cp:309:3)
              at createDeliveryWorkspace (/home/runner/workspace/artifacts/api-server/src/lib/delivery-workspace.ts:158:5)
              at /home/runner/workspace/artifacts/api-server/src/routes/ai/chat.ts:6139:31
      "code": "ERR_FS_CP_SOCKET",
      "info": {
        "type": "Object",
        "message": "cannot copy a socket file: /home/runner/workspace/.engineeringos-delivery/759a4a2b-e891-4981-9a8d-d2a3105821cb/.org.chromium.Chromium.demGqb/SingletonSocket",
        "stack":
            
        "path": "/home/runner/workspace/.engineeringos-delivery/759a4a2b-e891-4981-9a8d-d2a3105821cb/.org.chromium.Chromium.demGqb/SingletonSocket",
        "syscall": "cp",
        "errno": 22,
        "code": "EINVAL"
      },
      "errno": 22,
      "syscall": "cp",
      "path": "/home/runner/workspace/.engineeringos-delivery/759a4a2b-e891-4981-9a8d-d2a3105821cb/.org.chromium.Chromium.demGqb/SingletonSocket"
    }
[03:13:54.370] [32mINFO[39m (7904): [36mrequest errored[39m
    [35mreq[39m: {
      "id": 103,
      "method": "POST",
      "url": "/api/ai/chat/apply-changes"
    }
    [35mres[39m: {
      "statusCode": 500
    }
    [35mresponseTime[39m: 344
    err: {
      "type": "Error",
      "message": "failed with status code 500",
      "stack":
          Error: failed with status code 500
              at onResFinished (/home/runner/workspace/node_modules/.pnpm/pino-http@10.5.0/node_modules/pino-http/logger.js:115:39)
              at ServerResponse.onResponseComplete (/home/runner/workspace/node_modules/.pnpm/pino-http@10.5.0/node_modules/pino-http/logger.js:178:14)
              at ServerResponse.emit (node:events:536:35)
              at onFinish (node:_http_outgoing:1031:10)
              at callback (node:internal/streams/writable:766:21)
              at afterWrite (node:internal/streams/writable:710:5)
              at afterWriteTick (node:internal/streams/writable:696:10)
              at processTicksAndRejections (node:internal/process/task_queues:81:21)
    }
[03:13:54.701] [31mERROR[39m (7904): [36mCannot copy a socket file: cp returned EINVAL (cannot copy a socket file: /home/runner/workspace/.engineeringos-delivery/c2b404ab-aae7-44c8-8fa9-7045e1573324/.org.chromium.Chromium.demGqb/SingletonSocket) /home/runner/workspace/.engineeringos-delivery/c2b404ab-aae7-44c8-8fa9-7045e1573324/.org.chromium.Chromium.demGqb/SingletonSocket[39m
    err: {
      "type": "NodeError",
      "message": "Cannot copy a socket file: cp returned EINVAL (cannot copy a socket file: /home/runner/workspace/.engineeringos-delivery/c2b404ab-aae7-44c8-8fa9-7045e1573324/.org.chromium.Chromium.demGqb/SingletonSocket) /home/runner/workspace/.engineeringos-delivery/c2b404ab-aae7-44c8-8fa9-7045e1573324/.org.chromium.Chromium.demGqb/SingletonSocket",
      "stack":
          SystemError: Cannot copy a socket file: cp returned EINVAL (cannot copy a socket file: /home/runner/workspace/.engineeringos-delivery/c2b404ab-aae7-44c8-8fa9-7045e1573324/.org.chromium.Chromium.demGqb/SingletonSocket) /home/runner/workspace/.engineeringos-delivery/c2b404ab-aae7-44c8-8fa9-7045e1573324/.org.chromium.Chromium.demGqb/SingletonSocket
              at getStatsForCopy (node:internal/fs/cp/cp:214:11)
              at copyDir (node:internal/fs/cp/cp:320:19)
              at mkDirAndCopy (node:internal/fs/cp/cp:309:3)
              at copyDir (node:internal/fs/cp/cp:320:19)
              at mkDirAndCopy (node:internal/fs/cp/cp:309:3)
              at createDeliveryWorkspace (/home/runner/workspace/artifacts/api-server/src/lib/delivery-workspace.ts:158:5)
              at /home/runner/workspace/artifacts/api-server/src/routes/ai/chat.ts:6139:31
      "code": "ERR_FS_CP_SOCKET",
      "info": {
        "type": "Object",
        "message": "cannot copy a socket file: /home/runner/workspace/.engineeringos-delivery/c2b404ab-aae7-44c8-8fa9-7045e1573324/.org.chromium.Chromium.demGqb/SingletonSocket",
        "stack":
            
        "path": "/home/runner/workspace/.engineeringos-delivery/c2b404ab-aae7-44c8-8fa9-7045e1573324/.org.chromium.Chromium.demGqb/SingletonSocket",
        "syscall": "cp",
        "errno": 22,
        "code": "EINVAL"
      },
      "errno": 22,
      "syscall": "cp",
      "path": "/home/runner/workspace/.engineeringos-delivery/c2b404ab-aae7-44c8-8fa9-7045e1573324/.org.chromium.Chromium.demGqb/SingletonSocket"
    }
[03:13:54.702] [32mINFO[39m (7904): [36mrequest errored[39m
    [35mreq[39m: {
      "id": 104,
      "method": "POST",
      "url": "/api/ai/chat/apply-changes"
    }
    [35mres[39m: {
      "statusCode": 500
    }
    [35mresponseTime[39m: 292
    err: {
      "type": "Error",
      "message": "failed with status code 500",
      "stack":
          Error: failed with status code 500
              at onResFinished (/home/runner/workspace/node_modules/.pnpm/pino-http@10.5.0/node_modules/pino-http/logger.js:115:39)
              at ServerResponse.onResponseComplete (/home/runner/workspace/node_modules/.pnpm/pino-http@10.5.0/node_modules/pino-http/logger.js:178:14)
              at ServerResponse.emit (node:events:536:35)
              at onFinish (node:_http_outgoing:1031:10)
              at callback (node:internal/streams/writable:766:21)
              at afterWrite (node:internal/streams/writable:710:5)
              at afterWriteTick (node:internal/streams/writable:696:10)
              at processTicksAndRejections (node:internal/process/task_queues:81:21)
    }
xx[03:13:55.045] [31mERROR[39m (7904): [36mCannot copy a socket file: cp returned EINVAL (cannot copy a socket file: /home/runner/workspace/.engineeringos-delivery/532b89e8-c57b-4e0c-9781-bbf7e6c4c21f/.org.chromium.Chromium.demGqb/SingletonSocket) /home/runner/workspace/.engineeringos-delivery/532b89e8-c57b-4e0c-9781-bbf7e6c4c21f/.org.chromium.Chromium.demGqb/SingletonSocket[39m
    err: {
      "type": "NodeError",
      "message": "Cannot copy a socket file: cp returned EINVAL (cannot copy a socket file: /home/runner/workspace/.engineeringos-delivery/532b89e8-c57b-4e0c-9781-bbf7e6c4c21f/.org.chromium.Chromium.demGqb/SingletonSocket) /home/runner/workspace/.engineeringos-delivery/532b89e8-c57b-4e0c-9781-bbf7e6c4c21f/.org.chromium.Chromium.demGqb/SingletonSocket",
      "stack":
          SystemError: Cannot copy a socket file: cp returned EINVAL (cannot copy a socket file: /home/runner/workspace/.engineeringos-delivery/532b89e8-c57b-4e0c-9781-bbf7e6c4c21f/.org.chromium.Chromium.demGqb/SingletonSocket) /home/runner/workspace/.engineeringos-delivery/532b89e8-c57b-4e0c-9781-bbf7e6c4c21f/.org.chromium.Chromium.demGqb/SingletonSocket
              at getStatsForCopy (node:internal/fs/cp/cp:214:11)
              at copyDir (node:internal/fs/cp/cp:320:19)
              at mkDirAndCopy (node:internal/fs/cp/cp:309:3)
              at copyDir (node:internal/fs/cp/cp:320:19)
              at mkDirAndCopy (node:internal/fs/cp/cp:309:3)
              at createDeliveryWorkspace (/home/runner/workspace/artifacts/api-server/src/lib/delivery-workspace.ts:158:5)
              at /home/runner/workspace/artifacts/api-server/src/routes/ai/chat.ts:6139:31
      "code": "ERR_FS_CP_SOCKET",
      "info": {
        "type": "Object",
        "message": "cannot copy a socket file: /home/runner/workspace/.engineeringos-delivery/532b89e8-c57b-4e0c-9781-bbf7e6c4c21f/.org.chromium.Chromium.demGqb/SingletonSocket",
        "stack":
            
        "path": "/home/runner/workspace/.engineeringos-delivery/532b89e8-c57b-4e0c-9781-bbf7e6c4c21f/.org.chromium.Chromium.demGqb/SingletonSocket",
        "syscall": "cp",
        "errno": 22,
        "code": "EINVAL"
      },
      "errno": 22,
      "syscall": "cp",
      "path": "/home/runner/workspace/.engineeringos-delivery/532b89e8-c57b-4e0c-9781-bbf7e6c4c21f/.org.chromium.Chromium.demGqb/SingletonSocket"
    }
[03:13:55.046] [32mINFO[39m (7904): [36mrequest errored[39m
    [35mreq[39m: {
      "id": 105,
      "method": "POST",
      "url": "/api/ai/chat/apply-changes"
    }
    [35mres[39m: {
      "statusCode": 500
    }
    [35mresponseTime[39m: 316
    err: {
      "type": "Error",
      "message": "failed with status code 500",
      "stack":
          Error: failed with status code 500
              at onResFinished (/home/runner/workspace/node_modules/.pnpm/pino-http@10.5.0/node_modules/pino-http/logger.js:115:39)
              at ServerResponse.onResponseComplete (/home/runner/workspace/node_modules/.pnpm/pino-http@10.5.0/node_modules/pino-http/logger.js:178:14)
              at ServerResponse.emit (node:events:536:35)
              at onFinish (node:_http_outgoing:1031:10)
              at callback (node:internal/streams/writable:766:21)
              at afterWrite (node:internal/streams/writable:710:5)
              at afterWriteTick (node:internal/streams/writable:696:10)
              at processTicksAndRejections (node:internal/process/task_queues:81:21)
    }
[03:13:55.425] [31mERROR[39m (7904): [36mCannot copy a socket file: cp returned EINVAL (cannot copy a socket file: /home/runner/workspace/.engineeringos-delivery/71f4ec8b-b7db-4085-9609-445c3681997f/.org.chromium.Chromium.demGqb/SingletonSocket) /home/runner/workspace/.engineeringos-delivery/71f4ec8b-b7db-4085-9609-445c3681997f/.org.chromium.Chromium.demGqb/SingletonSocket[39m
    err: {
      "type": "NodeError",
      "message": "Cannot copy a socket file: cp returned EINVAL (cannot copy a socket file: /home/runner/workspace/.engineeringos-delivery/71f4ec8b-b7db-4085-9609-445c3681997f/.org.chromium.Chromium.demGqb/SingletonSocket) /home/runner/workspace/.engineeringos-delivery/71f4ec8b-b7db-4085-9609-445c3681997f/.org.chromium.Chromium.demGqb/SingletonSocket",
      "stack":
          SystemError: Cannot copy a socket file: cp returned EINVAL (cannot copy a socket file: /home/runner/workspace/.engineeringos-delivery/71f4ec8b-b7db-4085-9609-445c3681997f/.org.chromium.Chromium.demGqb/SingletonSocket) /home/runner/workspace/.engineeringos-delivery/71f4ec8b-b7db-4085-9609-445c3681997f/.org.chromium.Chromium.demGqb/SingletonSocket
              at getStatsForCopy (node:internal/fs/cp/cp:214:11)
              at copyDir (node:internal/fs/cp/cp:320:19)
              at mkDirAndCopy (node:internal/fs/cp/cp:309:3)
              at copyDir (node:internal/fs/cp/cp:320:19)
              at mkDirAndCopy (node:internal/fs/cp/cp:309:3)
              at createDeliveryWorkspace (/home/runner/workspace/artifacts/api-server/src/lib/delivery-workspace.ts:158:5)
              at /home/runner/workspace/artifacts/api-server/src/routes/ai/chat.ts:6139:31
      "code": "ERR_FS_CP_SOCKET",
      "info": {
        "type": "Object",
        "message": "cannot copy a socket file: /home/runner/workspace/.engineeringos-delivery/71f4ec8b-b7db-4085-9609-445c3681997f/.org.chromium.Chromium.demGqb/SingletonSocket",
        "stack":
            
        "path": "/home/runner/workspace/.engineeringos-delivery/71f4ec8b-b7db-4085-9609-445c3681997f/.org.chromium.Chromium.demGqb/SingletonSocket",
        "syscall": "cp",
        "errno": 22,
        "code": "EINVAL"
      },
      "errno": 22,
      "syscall": "cp",
      "path": "/home/runner/workspace/.engineeringos-delivery/71f4ec8b-b7db-4085-9609-445c3681997f/.org.chromium.Chromium.demGqb/SingletonSocket"
    }
[03:13:55.426] [32mINFO[39m (7904): [36mrequest errored[39m
    [35mreq[39m: {
      "id": 106,
      "method": "POST",
      "url": "/api/ai/chat/apply-changes"
    }
    [35mres[39m: {
      "statusCode": 500
    }
    [35mresponseTime[39m: 321
    err: {
      "type": "Error",
      "message": "failed with status code 500",
      "stack":
          Error: failed with status code 500
              at onResFinished (/home/runner/workspace/node_modules/.pnpm/pino-http@10.5.0/node_modules/pino-http/logger.js:115:39)
              at ServerResponse.onResponseComplete (/home/runner/workspace/node_modules/.pnpm/pino-http@10.5.0/node_modules/pino-http/logger.js:178:14)
              at ServerResponse.emit (node:events:536:35)
              at onFinish (node:_http_outgoing:1031:10)
              at callback (node:internal/streams/writable:766:21)
              at afterWrite (node:internal/streams/writable:710:5)
              at afterWriteTick (node:internal/streams/writable:696:10)
              at processTicksAndRejections (node:internal/process/task_queues:81:21)
    }
xx[03:13:55.751] [31mERROR[39m (7904): [36mCannot copy a socket file: cp returned EINVAL (cannot copy a socket file: /home/runner/workspace/.engineeringos-delivery/e7395fec-88b4-4c21-b6de-0fcda1b82025/.org.chromium.Chromium.demGqb/SingletonSocket) /home/runner/workspace/.engineeringos-delivery/e7395fec-88b4-4c21-b6de-0fcda1b82025/.org.chromium.Chromium.demGqb/SingletonSocket[39m
    err: {
      "type": "NodeError",
      "message": "Cannot copy a socket file: cp returned EINVAL (cannot copy a socket file: /home/runner/workspace/.engineeringos-delivery/e7395fec-88b4-4c21-b6de-0fcda1b82025/.org.chromium.Chromium.demGqb/SingletonSocket) /home/runner/workspace/.engineeringos-delivery/e7395fec-88b4-4c21-b6de-0fcda1b82025/.org.chromium.Chromium.demGqb/SingletonSocket",
      "stack":
          SystemError: Cannot copy a socket file: cp returned EINVAL (cannot copy a socket file: /home/runner/workspace/.engineeringos-delivery/e7395fec-88b4-4c21-b6de-0fcda1b82025/.org.chromium.Chromium.demGqb/SingletonSocket) /home/runner/workspace/.engineeringos-delivery/e7395fec-88b4-4c21-b6de-0fcda1b82025/.org.chromium.Chromium.demGqb/SingletonSocket
              at getStatsForCopy (node:internal/fs/cp/cp:214:11)
              at copyDir (node:internal/fs/cp/cp:320:19)
              at mkDirAndCopy (node:internal/fs/cp/cp:309:3)
              at copyDir (node:internal/fs/cp/cp:320:19)
              at mkDirAndCopy (node:internal/fs/cp/cp:309:3)
              at createDeliveryWorkspace (/home/runner/workspace/artifacts/api-server/src/lib/delivery-workspace.ts:158:5)
              at /home/runner/workspace/artifacts/api-server/src/routes/ai/chat.ts:6139:31
      "code": "ERR_FS_CP_SOCKET",
      "info": {
        "type": "Object",
        "message": "cannot copy a socket file: /home/runner/workspace/.engineeringos-delivery/e7395fec-88b4-4c21-b6de-0fcda1b82025/.org.chromium.Chromium.demGqb/SingletonSocket",
        "stack":
            
        "path": "/home/runner/workspace/.engineeringos-delivery/e7395fec-88b4-4c21-b6de-0fcda1b82025/.org.chromium.Chromium.demGqb/SingletonSocket",
        "syscall": "cp",
        "errno": 22,
        "code": "EINVAL"
      },
      "errno": 22,
      "syscall": "cp",
      "path": "/home/runner/workspace/.engineeringos-delivery/e7395fec-88b4-4c21-b6de-0fcda1b82025/.org.chromium.Chromium.demGqb/SingletonSocket"
    }
[03:13:55.751] [32mINFO[39m (7904): [36mrequest errored[39m
    [35mreq[39m: {
      "id": 107,
      "method": "POST",
      "url": "/api/ai/chat/apply-changes"
    }
    [35mres[39m: {
      "statusCode": 500
    }
    [35mresponseTime[39m: 294
    err: {
      "type": "Error",
      "message": "failed with status code 500",
      "stack":
          Error: failed with status code 500
              at onResFinished (/home/runner/workspace/node_modules/.pnpm/pino-http@10.5.0/node_modules/pino-http/logger.js:115:39)
              at ServerResponse.onResponseComplete (/home/runner/workspace/node_modules/.pnpm/pino-http@10.5.0/node_modules/pino-http/logger.js:178:14)
              at ServerResponse.emit (node:events:536:35)
              at onFinish (node:_http_outgoing:1031:10)
              at callback (node:internal/streams/writable:766:21)
              at afterWrite (node:internal/streams/writable:710:5)
              at afterWriteTick (node:internal/streams/writable:696:10)
              at processTicksAndRejections (node:internal/process/task_queues:81:21)
    }
[03:13:56.089] [31mERROR[39m (7904): [36mCannot copy a socket file: cp returned EINVAL (cannot copy a socket file: /home/runner/workspace/.engineeringos-delivery/7d6b4421-4c7b-4ac3-8c46-38dd2b0e999b/.org.chromium.Chromium.demGqb/SingletonSocket) /home/runner/workspace/.engineeringos-delivery/7d6b4421-4c7b-4ac3-8c46-38dd2b0e999b/.org.chromium.Chromium.demGqb/SingletonSocket[39m
    err: {
      "type": "NodeError",
      "message": "Cannot copy a socket file: cp returned EINVAL (cannot copy a socket file: /home/runner/workspace/.engineeringos-delivery/7d6b4421-4c7b-4ac3-8c46-38dd2b0e999b/.org.chromium.Chromium.demGqb/SingletonSocket) /home/runner/workspace/.engineeringos-delivery/7d6b4421-4c7b-4ac3-8c46-38dd2b0e999b/.org.chromium.Chromium.demGqb/SingletonSocket",
      "stack":
          SystemError: Cannot copy a socket file: cp returned EINVAL (cannot copy a socket file: /home/runner/workspace/.engineeringos-delivery/7d6b4421-4c7b-4ac3-8c46-38dd2b0e999b/.org.chromium.Chromium.demGqb/SingletonSocket) /home/runner/workspace/.engineeringos-delivery/7d6b4421-4c7b-4ac3-8c46-38dd2b0e999b/.org.chromium.Chromium.demGqb/SingletonSocket
              at getStatsForCopy (node:internal/fs/cp/cp:214:11)
              at copyDir (node:internal/fs/cp/cp:320:19)
              at mkDirAndCopy (node:internal/fs/cp/cp:309:3)
              at copyDir (node:internal/fs/cp/cp:320:19)
              at mkDirAndCopy (node:internal/fs/cp/cp:309:3)
              at createDeliveryWorkspace (/home/runner/workspace/artifacts/api-server/src/lib/delivery-workspace.ts:158:5)
              at /home/runner/workspace/artifacts/api-server/src/routes/ai/chat.ts:6139:31
      "code": "ERR_FS_CP_SOCKET",
      "info": {
        "type": "Object",
        "message": "cannot copy a socket file: /home/runner/workspace/.engineeringos-delivery/7d6b4421-4c7b-4ac3-8c46-38dd2b0e999b/.org.chromium.Chromium.demGqb/SingletonSocket",
        "stack":
            
        "path": "/home/runner/workspace/.engineeringos-delivery/7d6b4421-4c7b-4ac3-8c46-38dd2b0e999b/.org.chromium.Chromium.demGqb/SingletonSocket",
        "syscall": "cp",
        "errno": 22,
        "code": "EINVAL"
      },
      "errno": 22,
      "syscall": "cp",
      "path": "/home/runner/workspace/.engineeringos-delivery/7d6b4421-4c7b-4ac3-8c46-38dd2b0e999b/.org.chromium.Chromium.demGqb/SingletonSocket"
    }
[03:13:56.090] [32mINFO[39m (7904): [36mrequest errored[39m
    [35mreq[39m: {
      "id": 108,
      "method": "POST",
      "url": "/api/ai/chat/apply-changes"
    }
    [35mres[39m: {
      "statusCode": 500
    }
    [35mresponseTime[39m: 302
    err: {
      "type": "Error",
      "message": "failed with status code 500",
      "stack":
          Error: failed with status code 500
              at onResFinished (/home/runner/workspace/node_modules/.pnpm/pino-http@10.5.0/node_modules/pino-http/logger.js:115:39)
              at ServerResponse.onResponseComplete (/home/runner/workspace/node_modules/.pnpm/pino-http@10.5.0/node_modules/pino-http/logger.js:178:14)
              at ServerResponse.emit (node:events:536:35)
              at onFinish (node:_http_outgoing:1031:10)
              at callback (node:internal/streams/writable:766:21)
              at afterWrite (node:internal/streams/writable:710:5)
              at afterWriteTick (node:internal/streams/writable:696:10)
              at processTicksAndRejections (node:internal/process/task_queues:81:21)
    }
x[03:13:56.415] [31mERROR[39m (7904): [36mCannot copy a socket file: cp returned EINVAL (cannot copy a socket file: /home/runner/workspace/.engineeringos-delivery/6f3b6456-e0b0-4e76-8f0d-63755479a205/.org.chromium.Chromium.demGqb/SingletonSocket) /home/runner/workspace/.engineeringos-delivery/6f3b6456-e0b0-4e76-8f0d-63755479a205/.org.chromium.Chromium.demGqb/SingletonSocket[39m
    err: {
      "type": "NodeError",
      "message": "Cannot copy a socket file: cp returned EINVAL (cannot copy a socket file: /home/runner/workspace/.engineeringos-delivery/6f3b6456-e0b0-4e76-8f0d-63755479a205/.org.chromium.Chromium.demGqb/SingletonSocket) /home/runner/workspace/.engineeringos-delivery/6f3b6456-e0b0-4e76-8f0d-63755479a205/.org.chromium.Chromium.demGqb/SingletonSocket",
      "stack":
          SystemError: Cannot copy a socket file: cp returned EINVAL (cannot copy a socket file: /home/runner/workspace/.engineeringos-delivery/6f3b6456-e0b0-4e76-8f0d-63755479a205/.org.chromium.Chromium.demGqb/SingletonSocket) /home/runner/workspace/.engineeringos-delivery/6f3b6456-e0b0-4e76-8f0d-63755479a205/.org.chromium.Chromium.demGqb/SingletonSocket
              at getStatsForCopy (node:internal/fs/cp/cp:214:11)
              at copyDir (node:internal/fs/cp/cp:320:19)
              at mkDirAndCopy (node:internal/fs/cp/cp:309:3)
              at copyDir (node:internal/fs/cp/cp:320:19)
              at mkDirAndCopy (node:internal/fs/cp/cp:309:3)
              at createDeliveryWorkspace (/home/runner/workspace/artifacts/api-server/src/lib/delivery-workspace.ts:158:5)
              at /home/runner/workspace/artifacts/api-server/src/routes/ai/chat.ts:6139:31
      "code": "ERR_FS_CP_SOCKET",
      "info": {
        "type": "Object",
        "message": "cannot copy a socket file: /home/runner/workspace/.engineeringos-delivery/6f3b6456-e0b0-4e76-8f0d-63755479a205/.org.chromium.Chromium.demGqb/SingletonSocket",
        "stack":
            
        "path": "/home/runner/workspace/.engineeringos-delivery/6f3b6456-e0b0-4e76-8f0d-63755479a205/.org.chromium.Chromium.demGqb/SingletonSocket",
        "syscall": "cp",
        "errno": 22,
        "code": "EINVAL"
      },
      "errno": 22,
      "syscall": "cp",
      "path": "/home/runner/workspace/.engineeringos-delivery/6f3b6456-e0b0-4e76-8f0d-63755479a205/.org.chromium.Chromium.demGqb/SingletonSocket"
    }
[03:13:56.416] [32mINFO[39m (7904): [36mrequest errored[39m
    [35mreq[39m: {
      "id": 109,
      "method": "POST",
      "url": "/api/ai/chat/apply-changes"
    }
    [35mres[39m: {
      "statusCode": 500
    }
    [35mresponseTime[39m: 291
    err: {
      "type": "Error",
      "message": "failed with status code 500",
      "stack":
          Error: failed with status code 500
              at onResFinished (/home/runner/workspace/node_modules/.pnpm/pino-http@10.5.0/node_modules/pino-http/logger.js:115:39)
              at ServerResponse.onResponseComplete (/home/runner/workspace/node_modules/.pnpm/pino-http@10.5.0/node_modules/pino-http/logger.js:178:14)
              at ServerResponse.emit (node:events:536:35)
              at onFinish (node:_http_outgoing:1031:10)
              at callback (node:internal/streams/writable:766:21)
              at afterWrite (node:internal/streams/writable:710:5)
              at afterWriteTick (node:internal/streams/writable:696:10)
              at processTicksAndRejections (node:internal/process/task_queues:81:21)
    }
xx[03:13:56.732] [31mERROR[39m (7904): [36mCannot copy a socket file: cp returned EINVAL (cannot copy a socket file: /home/runner/workspace/.engineeringos-delivery/dd13b1b0-d6c4-4812-aa4d-bbe4186abb09/.org.chromium.Chromium.demGqb/SingletonSocket) /home/runner/workspace/.engineeringos-delivery/dd13b1b0-d6c4-4812-aa4d-bbe4186abb09/.org.chromium.Chromium.demGqb/SingletonSocket[39m
    err: {
      "type": "NodeError",
      "message": "Cannot copy a socket file: cp returned EINVAL (cannot copy a socket file: /home/runner/workspace/.engineeringos-delivery/dd13b1b0-d6c4-4812-aa4d-bbe4186abb09/.org.chromium.Chromium.demGqb/SingletonSocket) /home/runner/workspace/.engineeringos-delivery/dd13b1b0-d6c4-4812-aa4d-bbe4186abb09/.org.chromium.Chromium.demGqb/SingletonSocket",
      "stack":
          SystemError: Cannot copy a socket file: cp returned EINVAL (cannot copy a socket file: /home/runner/workspace/.engineeringos-delivery/dd13b1b0-d6c4-4812-aa4d-bbe4186abb09/.org.chromium.Chromium.demGqb/SingletonSocket) /home/runner/workspace/.engineeringos-delivery/dd13b1b0-d6c4-4812-aa4d-bbe4186abb09/.org.chromium.Chromium.demGqb/SingletonSocket
              at getStatsForCopy (node:internal/fs/cp/cp:214:11)
              at copyDir (node:internal/fs/cp/cp:320:19)
              at mkDirAndCopy (node:internal/fs/cp/cp:309:3)
              at copyDir (node:internal/fs/cp/cp:320:19)
              at mkDirAndCopy (node:internal/fs/cp/cp:309:3)
              at createDeliveryWorkspace (/home/runner/workspace/artifacts/api-server/src/lib/delivery-workspace.ts:158:5)
              at /home/runner/workspace/artifacts/api-server/src/routes/ai/chat.ts:6139:31
      "code": "ERR_FS_CP_SOCKET",
      "info": {
        "type": "Object",
        "message": "cannot copy a socket file: /home/runner/workspace/.engineeringos-delivery/dd13b1b0-d6c4-4812-aa4d-bbe4186abb09/.org.chromium.Chromium.demGqb/SingletonSocket",
        "stack":
            
        "path": "/home/runner/workspace/.engineeringos-delivery/dd13b1b0-d6c4-4812-aa4d-bbe4186abb09/.org.chromium.Chromium.demGqb/SingletonSocket",
        "syscall": "cp",
        "errno": 22,
        "code": "EINVAL"
      },
      "errno": 22,
      "syscall": "cp",
      "path": "/home/runner/workspace/.engineeringos-delivery/dd13b1b0-d6c4-4812-aa4d-bbe4186abb09/.org.chromium.Chromium.demGqb/SingletonSocket"
    }
[03:13:56.733] [32mINFO[39m (7904): [36mrequest errored[39m
    [35mreq[39m: {
      "id": 110,
      "method": "POST",
      "url": "/api/ai/chat/apply-changes"
    }
    [35mres[39m: {
      "statusCode": 500
    }
    [35mresponseTime[39m: 288
    err: {
      "type": "Error",
      "message": "failed with status code 500",
      "stack":
          Error: failed with status code 500
              at onResFinished (/home/runner/workspace/node_modules/.pnpm/pino-http@10.5.0/node_modules/pino-http/logger.js:115:39)
              at ServerResponse.onResponseComplete (/home/runner/workspace/node_modules/.pnpm/pino-http@10.5.0/node_modules/pino-http/logger.js:178:14)
              at ServerResponse.emit (node:events:536:35)
              at onFinish (node:_http_outgoing:1031:10)
              at callback (node:internal/streams/writable:766:21)
              at afterWrite (node:internal/streams/writable:710:5)
              at afterWriteTick (node:internal/streams/writable:696:10)
              at processTicksAndRejections (node:internal/process/task_queues:81:21)
    }
[03:13:57.067] [31mERROR[39m (7904): [36mCannot copy a socket file: cp returned EINVAL (cannot copy a socket file: /home/runner/workspace/.engineeringos-delivery/b7a11f95-9b05-4bf4-b49d-d96ebc4a8832/.org.chromium.Chromium.demGqb/SingletonSocket) /home/runner/workspace/.engineeringos-delivery/b7a11f95-9b05-4bf4-b49d-d96ebc4a8832/.org.chromium.Chromium.demGqb/SingletonSocket[39m
    err: {
      "type": "NodeError",
      "message": "Cannot copy a socket file: cp returned EINVAL (cannot copy a socket file: /home/runner/workspace/.engineeringos-delivery/b7a11f95-9b05-4bf4-b49d-d96ebc4a8832/.org.chromium.Chromium.demGqb/SingletonSocket) /home/runner/workspace/.engineeringos-delivery/b7a11f95-9b05-4bf4-b49d-d96ebc4a8832/.org.chromium.Chromium.demGqb/SingletonSocket",
      "stack":
          SystemError: Cannot copy a socket file: cp returned EINVAL (cannot copy a socket file: /home/runner/workspace/.engineeringos-delivery/b7a11f95-9b05-4bf4-b49d-d96ebc4a8832/.org.chromium.Chromium.demGqb/SingletonSocket) /home/runner/workspace/.engineeringos-delivery/b7a11f95-9b05-4bf4-b49d-d96ebc4a8832/.org.chromium.Chromium.demGqb/SingletonSocket
              at getStatsForCopy (node:internal/fs/cp/cp:214:11)
              at copyDir (node:internal/fs/cp/cp:320:19)
              at mkDirAndCopy (node:internal/fs/cp/cp:309:3)
              at copyDir (node:internal/fs/cp/cp:320:19)
              at mkDirAndCopy (node:internal/fs/cp/cp:309:3)
              at createDeliveryWorkspace (/home/runner/workspace/artifacts/api-server/src/lib/delivery-workspace.ts:158:5)
              at /home/runner/workspace/artifacts/api-server/src/routes/ai/chat.ts:6139:31
      "code": "ERR_FS_CP_SOCKET",
      "info": {
        "type": "Object",
        "message": "cannot copy a socket file: /home/runner/workspace/.engineeringos-delivery/b7a11f95-9b05-4bf4-b49d-d96ebc4a8832/.org.chromium.Chromium.demGqb/SingletonSocket",
        "stack":
            
        "path": "/home/runner/workspace/.engineeringos-delivery/b7a11f95-9b05-4bf4-b49d-d96ebc4a8832/.org.chromium.Chromium.demGqb/SingletonSocket",
        "syscall": "cp",
        "errno": 22,
        "code": "EINVAL"
      },
      "errno": 22,
      "syscall": "cp",
      "path": "/home/runner/workspace/.engineeringos-delivery/b7a11f95-9b05-4bf4-b49d-d96ebc4a8832/.org.chromium.Chromium.demGqb/SingletonSocket"
    }
[03:13:57.068] [32mINFO[39m (7904): [36mrequest errored[39m
    [35mreq[39m: {
      "id": 111,
      "method": "POST",
      "url": "/api/ai/chat/apply-changes"
    }
    [35mres[39m: {
      "statusCode": 500
    }
    [35mresponseTime[39m: 300
    err: {
      "type": "Error",
      "message": "failed with status code 500",
      "stack":
          Error: failed with status code 500
              at onResFinished (/home/runner/workspace/node_modules/.pnpm/pino-http@10.5.0/node_modules/pino-http/logger.js:115:39)
              at ServerResponse.onResponseComplete (/home/runner/workspace/node_modules/.pnpm/pino-http@10.5.0/node_modules/pino-http/logger.js:178:14)
              at ServerResponse.emit (node:events:536:35)
              at onFinish (node:_http_outgoing:1031:10)
              at callback (node:internal/streams/writable:766:21)
              at afterWrite (node:internal/streams/writable:710:5)
              at afterWriteTick (node:internal/streams/writable:696:10)
              at processTicksAndRejections (node:internal/process/task_queues:81:21)
    }
xx··[03:13:57.451] [31mERROR[39m (7904): [36mCannot copy a socket file: cp returned EINVAL (cannot copy a socket file: /home/runner/workspace/.engineeringos-delivery/84958533-69a8-4219-8b11-9a02316c5b3d/.org.chromium.Chromium.demGqb/SingletonSocket) /home/runner/workspace/.engineeringos-delivery/84958533-69a8-4219-8b11-9a02316c5b3d/.org.chromium.Chromium.demGqb/SingletonSocket[39m
    err: {
      "type": "NodeError",
      "message": "Cannot copy a socket file: cp returned EINVAL (cannot copy a socket file: /home/runner/workspace/.engineeringos-delivery/84958533-69a8-4219-8b11-9a02316c5b3d/.org.chromium.Chromium.demGqb/SingletonSocket) /home/runner/workspace/.engineeringos-delivery/84958533-69a8-4219-8b11-9a02316c5b3d/.org.chromium.Chromium.demGqb/SingletonSocket",
      "stack":
          SystemError: Cannot copy a socket file: cp returned EINVAL (cannot copy a socket file: /home/runner/workspace/.engineeringos-delivery/84958533-69a8-4219-8b11-9a02316c5b3d/.org.chromium.Chromium.demGqb/SingletonSocket) /home/runner/workspace/.engineeringos-delivery/84958533-69a8-4219-8b11-9a02316c5b3d/.org.chromium.Chromium.demGqb/SingletonSocket
              at getStatsForCopy (node:internal/fs/cp/cp:214:11)
              at copyDir (node:internal/fs/cp/cp:320:19)
              at mkDirAndCopy (node:internal/fs/cp/cp:309:3)
              at copyDir (node:internal/fs/cp/cp:320:19)
              at mkDirAndCopy (node:internal/fs/cp/cp:309:3)
              at createDeliveryWorkspace (/home/runner/workspace/artifacts/api-server/src/lib/delivery-workspace.ts:158:5)
              at /home/runner/workspace/artifacts/api-server/src/routes/ai/chat.ts:6139:31
      "code": "ERR_FS_CP_SOCKET",
      "info": {
        "type": "Object",
        "message": "cannot copy a socket file: /home/runner/workspace/.engineeringos-delivery/84958533-69a8-4219-8b11-9a02316c5b3d/.org.chromium.Chromium.demGqb/SingletonSocket",
        "stack":
            
        "path": "/home/runner/workspace/.engineeringos-delivery/84958533-69a8-4219-8b11-9a02316c5b3d/.org.chromium.Chromium.demGqb/SingletonSocket",
        "syscall": "cp",
        "errno": 22,
        "code": "EINVAL"
      },
      "errno": 22,
      "syscall": "cp",
      "path": "/home/runner/workspace/.engineeringos-delivery/84958533-69a8-4219-8b11-9a02316c5b3d/.org.chromium.Chromium.demGqb/SingletonSocket"
    }
[03:13:57.451] [32mINFO[39m (7904): [36mrequest errored[39m
    [35mreq[39m: {
      "id": 112,
      "method": "POST",
      "url": "/api/ai/chat/apply-changes"
    }
    [35mres[39m: {
      "statusCode": 500
    }
    [35mresponseTime[39m: 351
    err: {
      "type": "Error",
      "message": "failed with status code 500",
      "stack":
          Error: failed with status code 500
              at onResFinished (/home/runner/workspace/node_modules/.pnpm/pino-http@10.5.0/node_modules/pino-http/logger.js:115:39)
              at ServerResponse.onResponseComplete (/home/runner/workspace/node_modules/.pnpm/pino-http@10.5.0/node_modules/pino-http/logger.js:178:14)
              at ServerResponse.emit (node:events:536:35)
              at onFinish (node:_http_outgoing:1031:10)
              at callback (node:internal/streams/writable:766:21)
              at afterWrite (node:internal/streams/writable:710:5)
              at afterWriteTick (node:internal/streams/writable:696:10)
              at processTicksAndRejections (node:internal/process/task_queues:81:21)
    }
[03:13:57.490] [32mINFO[39m (7904): [36mrequest completed[39m
    [35mreq[39m: {
      "id": 113,
      "method": "POST",
      "url": "/api/ai/chat/apply-changes"
    }
    [35mres[39m: {
      "statusCode": 409
    }
    [35mresponseTime[39m: 3
[03:13:57.521] [32mINFO[39m (7904): [36mrequest completed[39m
    [35mreq[39m: {
      "id": 114,
      "method": "POST",
      "url": "/api/ai/chat/apply-changes"
    }
    [35mres[39m: {
      "statusCode": 409
    }
    [35mresponseTime[39m: 3
[03:13:57.552] [32mINFO[39m (7904): [36mrequest completed[39m
    [35mreq[39m: {
      "id": 115,
      "method": "POST",
      "url": "/api/ai/chat/apply-changes"
    }
    [35mres[39m: {
      "statusCode": 409
    }
    [35mresponseTime[39m: 2
[03:13:57.587] [32mINFO[39m (7904): [36mrequest completed[39m
    [35mreq[39m: {
      "id": 116,
      "method": "POST",
      "url": "/api/ai/chat/apply-changes"
    }
    [35mres[39m: {
      "statusCode": 409
    }
    [35mresponseTime[39m: 2
[03:13:57.624] [32mINFO[39m (7904): [36mrequest completed[39m
    [35mreq[39m: {
      "id": 117,
      "method": "POST",
      "url": "/api/ai/chat/rebase-changes"
    }
    [35mres[39m: {
      "statusCode": 200
    }
    [35mresponseTime[39m: 12
[03:13:57.632] [32mINFO[39m (7904): [36mrequest completed[39m
    [35mreq[39m: {
      "id": 118,
      "method": "POST",
      "url": "/api/ai/chat/apply-changes"
    }
    [35mres[39m: {
      "statusCode": 409
    }
    [35mresponseTime[39m: 4
[03:13:57.643] [32mINFO[39m (7904): [36mrequest completed[39m
    [35mreq[39m: {
      "id": 119,
      "method": "POST",
      "url": "/api/ai/chat/proposals/38d30630-ea8b-4d07-9f79-30c375cf4a47/approve"
    }
    [35mres[39m: {
      "statusCode": 200
    }
    [35mresponseTime[39m: 8
···[03:13:57.678] [32mINFO[39m (7904): [36mrequest completed[39m
    [35mreq[39m: {
      "id": 120,
      "method": "POST",
      "url": "/api/ai/chat/rebase-changes"
    }
    [35mres[39m: {
      "statusCode": 409
    }
    [35mresponseTime[39m: 4
[03:13:57.696] [32mINFO[39m (7904): [36mrequest completed[39m
    [35mreq[39m: {
      "id": 121,
      "method": "POST",
      "url": "/api/ai/tasks/fe8d4fe5-b7b1-4575-b9b5-efead64fda07/execute"
    }
    [35mres[39m: {
      "statusCode": 404
    }
    [35mresponseTime[39m: 2
[03:13:57.708] [32mINFO[39m (7904): [36mrequest completed[39m
    [35mreq[39m: {
      "id": 122,
      "method": "POST",
      "url": "/api/ai/tasks/4bc951ce-223b-4f6f-8daf-8075ac839f80/execute"
    }
    [35mres[39m: {
      "statusCode": 409
    }
    [35mresponseTime[39m: 3
[03:13:57.726] [32mINFO[39m (7904): [36mrequest completed[39m
    [35mreq[39m: {
      "id": 123,
      "method": "POST",
      "url": "/api/ai/tasks/131683d5-2ff7-4429-a490-0ecd25058730/execute"
    }
    [35mres[39m: {
      "statusCode": 409
    }
    [35mresponseTime[39m: 2
[03:13:57.749] [32mINFO[39m (7904): [36mprovider selection complete (quality-ordered)[39m
    [35mscope[39m: "provider-selection"
    [35maction[39m: "collect_available_providers"
    [35mqualityProfile[39m: "task_execution"
    [35mrequireTools[39m: false
    [35mavailable[39m: [
      "openrouter",
      "groq"
    ]
    [35mskipped[39m: [
      {
        "provider": "gemini",
        "reason": "no_api_key"
      },
      {
        "provider": "deepseek",
        "reason": "no_api_key"
      }
    ]
    [35mfinalOrder[39m: [
      "openrouter",
      "groq"
    ]
[03:13:57.749] [32mINFO[39m (7904): [36mresolved primary provider: openrouter[39m
    [35mscope[39m: "provider-selection"
    [35maction[39m: "resolve_provider"
    [35mselected[39m: "openrouter"
    [35mrequireTools[39m: false
    [35mqualityProfile[39m: "task_execution"
····[03:13:57.779] [32mINFO[39m (7904): [36mprovider selection complete (quality-ordered)[39m
    [35mscope[39m: "provider-selection"
    [35maction[39m: "collect_available_providers"
    [35mqualityProfile[39m: "task_execution"
    [35mrequireTools[39m: false
    [35mavailable[39m: [
      "openrouter",
      "groq"
    ]
    [35mskipped[39m: [
      {
        "provider": "gemini",
        "reason": "no_api_key"
      },
      {
        "provider": "deepseek",
        "reason": "no_api_key"
      }
    ]
    [35mfinalOrder[39m: [
      "openrouter",
      "groq"
    ]
[03:13:57.787] [32mINFO[39m (7904): [36mrequest completed[39m
    [35mreq[39m: {
      "id": 124,
      "method": "POST",
      "url": "/api/ai/tasks/ff3e18f3-c205-4a64-92d1-05a1c0b90bb1/execute"
    }
    [35mres[39m: {
      "statusCode": 202
    }
    [35mresponseTime[39m: 42
[03:13:57.819] [32mINFO[39m (7904): [36mprovider selection complete (quality-ordered)[39m
    [35mscope[39m: "provider-selection"
    [35maction[39m: "collect_available_providers"
    [35mqualityProfile[39m: "task_execution"
    [35mrequireTools[39m: false
    [35mavailable[39m: [
      "openrouter",
      "groq"
    ]
    [35mskipped[39m: [
      {
        "provider": "gemini",
        "reason": "no_api_key"
      },
      {
        "provider": "deepseek",
        "reason": "no_api_key"
      }
    ]
    [35mfinalOrder[39m: [
      "openrouter",
      "groq"
    ]
[03:13:57.819] [32mINFO[39m (7904): [36mresolved primary provider: openrouter[39m
    [35mscope[39m: "provider-selection"
    [35maction[39m: "resolve_provider"
    [35mselected[39m: "openrouter"
    [35mrequireTools[39m: false
    [35mqualityProfile[39m: "task_execution"
[03:13:57.846] [32mINFO[39m (7904): [36mprovider selection complete (quality-ordered)[39m
    [35mscope[39m: "provider-selection"
    [35maction[39m: "collect_available_providers"
    [35mqualityProfile[39m: "task_execution"
    [35mrequireTools[39m: false
    [35mavailable[39m: [
      "openrouter",
      "groq"
    ]
    [35mskipped[39m: [
      {
        "provider": "gemini",
        "reason": "no_api_key"
      },
      {
        "provider": "deepseek",
        "reason": "no_api_key"
      }
    ]
    [35mfinalOrder[39m: [
      "openrouter",
      "groq"
    ]
[03:13:57.853] [32mINFO[39m (7904): [36mrequest completed[39m
    [35mreq[39m: {
      "id": 125,
      "method": "POST",
      "url": "/api/ai/tasks/254fef51-6ccb-4346-b01f-dcc08e5ed443/execute"
    }
    [35mres[39m: {
      "statusCode": 202
    }
    [35mresponseTime[39m: 38
[03:13:57.877] [32mINFO[39m (7904): [36mprovider selection complete (quality-ordered)[39m
    [35mscope[39m: "provider-selection"
    [35maction[39m: "collect_available_providers"
    [35mqualityProfile[39m: "task_execution"
    [35mrequireTools[39m: false
    [35mavailable[39m: [
      "openrouter",
      "groq"
    ]
    [35mskipped[39m: [
      {
        "provider": "gemini",
        "reason": "no_api_key"
      },
      {
        "provider": "deepseek",
        "reason": "no_api_key"
      }
    ]
    [35mfinalOrder[39m: [
      "openrouter",
      "groq"
    ]
[03:13:57.877] [32mINFO[39m (7904): [36mresolved primary provider: openrouter[39m
    [35mscope[39m: "provider-selection"
    [35maction[39m: "resolve_provider"
    [35mselected[39m: "openrouter"
    [35mrequireTools[39m: false
    [35mqualityProfile[39m: "task_execution"
··[03:13:57.908] [32mINFO[39m (7904): [36mprovider selection complete (quality-ordered)[39m
    [35mscope[39m: "provider-selection"
    [35maction[39m: "collect_available_providers"
    [35mqualityProfile[39m: "task_execution"
    [35mrequireTools[39m: false
    [35mavailable[39m: [
      "openrouter",
      "groq"
    ]
    [35mskipped[39m: [
      {
        "provider": "gemini",
        "reason": "no_api_key"
      },
      {
        "provider": "deepseek",
        "reason": "no_api_key"
      }
    ]
    [35mfinalOrder[39m: [
      "openrouter",
      "groq"
    ]
[03:13:57.915] [32mINFO[39m (7904): [36mrequest completed[39m
    [35mreq[39m: {
      "id": 126,
      "method": "POST",
      "url": "/api/ai/tasks/0cc8989d-6d5d-4dc4-9fab-3cd6dca1d5e7/execute"
    }
    [35mres[39m: {
      "statusCode": 202
    }
    [35mresponseTime[39m: 42
[03:13:57.945] [32mINFO[39m (7904): [36mprovider selection complete (quality-ordered)[39m
    [35mscope[39m: "provider-selection"
    [35maction[39m: "collect_available_providers"
    [35mqualityProfile[39m: "task_execution"
    [35mrequireTools[39m: false
    [35mavailable[39m: [
      "openrouter",
      "groq"
    ]
    [35mskipped[39m: [
      {
        "provider": "gemini",
        "reason": "no_api_key"
      },
      {
        "provider": "deepseek",
        "reason": "no_api_key"
      }
    ]
    [35mfinalOrder[39m: [
      "openrouter",
      "groq"
    ]
[03:13:57.945] [32mINFO[39m (7904): [36mresolved primary provider: openrouter[39m
    [35mscope[39m: "provider-selection"
    [35maction[39m: "resolve_provider"
    [35mselected[39m: "openrouter"
    [35mrequireTools[39m: false
    [35mqualityProfile[39m: "task_execution"
[03:13:57.978] [32mINFO[39m (7904): [36mprovider selection complete (quality-ordered)[39m
    [35mscope[39m: "provider-selection"
    [35maction[39m: "collect_available_providers"
    [35mqualityProfile[39m: "task_execution"
    [35mrequireTools[39m: false
    [35mavailable[39m: [
      "openrouter",
      "groq"
    ]
    [35mskipped[39m: [
      {
        "provider": "gemini",
        "reason": "no_api_key"
      },
      {
        "provider": "deepseek",
        "reason": "no_api_key"
      }
    ]
    [35mfinalOrder[39m: [
      "openrouter",
      "groq"
    ]
[03:13:57.986] [32mINFO[39m (7904): [36mrequest completed[39m
    [35mreq[39m: {
      "id": 127,
      "method": "POST",
      "url": "/api/ai/tasks/20d3a9d3-3460-4559-81da-ef6ce786368b/execute"
    }
    [35mres[39m: {
      "statusCode": 202
    }
    [35mresponseTime[39m: 47
··[03:13:58.013] [32mINFO[39m (7904): [36mprovider selection complete (quality-ordered)[39m
    [35mscope[39m: "provider-selection"
    [35maction[39m: "collect_available_providers"
    [35mqualityProfile[39m: "task_execution"
    [35mrequireTools[39m: false
    [35mavailable[39m: [
      "openrouter",
      "groq"
    ]
    [35mskipped[39m: [
      {
        "provider": "gemini",
        "reason": "no_api_key"
      },
      {
        "provider": "deepseek",
        "reason": "no_api_key"
      }
    ]
    [35mfinalOrder[39m: [
      "openrouter",
      "groq"
    ]
[03:13:58.013] [32mINFO[39m (7904): [36mresolved primary provider: openrouter[39m
    [35mscope[39m: "provider-selection"
    [35maction[39m: "resolve_provider"
    [35mselected[39m: "openrouter"
    [35mrequireTools[39m: false
    [35mqualityProfile[39m: "task_execution"
[03:13:58.040] [32mINFO[39m (7904): [36mprovider selection complete (quality-ordered)[39m
    [35mscope[39m: "provider-selection"
    [35maction[39m: "collect_available_providers"
    [35mqualityProfile[39m: "task_execution"
    [35mrequireTools[39m: false
    [35mavailable[39m: [
      "openrouter",
      "groq"
    ]
    [35mskipped[39m: [
      {
        "provider": "gemini",
        "reason": "no_api_key"
      },
      {
        "provider": "deepseek",
        "reason": "no_api_key"
      }
    ]
    [35mfinalOrder[39m: [
      "openrouter",
      "groq"
    ]
[03:13:58.057] [32mINFO[39m (7904): [36mrequest completed[39m
    [35mreq[39m: {
      "id": 128,
      "method": "POST",
      "url": "/api/ai/tasks/0ae39efc-4836-431f-b359-91ddfc6be1bb/execute"
    }
    [35mres[39m: {
      "statusCode": 422
    }
    [35mresponseTime[39m: 48
[03:13:58.082] [32mINFO[39m (7904): [36mprovider selection complete (quality-ordered)[39m
    [35mscope[39m: "provider-selection"
    [35maction[39m: "collect_available_providers"
    [35mqualityProfile[39m: "task_execution"
    [35mrequireTools[39m: false
    [35mavailable[39m: [
      "openrouter",
      "groq"
    ]
    [35mskipped[39m: [
      {
        "provider": "gemini",
        "reason": "no_api_key"
      },
      {
        "provider": "deepseek",
        "reason": "no_api_key"
      }
    ]
    [35mfinalOrder[39m: [
      "openrouter",
      "groq"
    ]
[03:13:58.082] [32mINFO[39m (7904): [36mresolved primary provider: openrouter[39m
    [35mscope[39m: "provider-selection"
    [35maction[39m: "resolve_provider"
    [35mselected[39m: "openrouter"
    [35mrequireTools[39m: false
    [35mqualityProfile[39m: "task_execution"
·[03:13:58.123] [32mINFO[39m (7904): [36mrequest errored[39m
    [35mreq[39m: {
      "id": 129,
      "method": "POST",
      "url": "/api/ai/tasks/0b36001c-d3a5-452e-9a42-f2c8b759d05e/execute"
    }
    [35mres[39m: {
      "statusCode": 500
    }
    [35mresponseTime[39m: 46
    err: {
      "type": "Error",
      "message": "failed with status code 500",
      "stack":
          Error: failed with status code 500
              at onResFinished (/home/runner/workspace/node_modules/.pnpm/pino-http@10.5.0/node_modules/pino-http/logger.js:115:39)
              at ServerResponse.onResponseComplete (/home/runner/workspace/node_modules/.pnpm/pino-http@10.5.0/node_modules/pino-http/logger.js:178:14)
              at ServerResponse.emit (node:events:536:35)
              at onFinish (node:_http_outgoing:1031:10)
              at callback (node:internal/streams/writable:766:21)
              at afterWrite (node:internal/streams/writable:710:5)
              at afterWriteTick (node:internal/streams/writable:696:10)
              at processTicksAndRejections (node:internal/process/task_queues:81:21)
    }
[03:13:58.153] [32mINFO[39m (7904): [36mprovider selection complete (quality-ordered)[39m
    [35mscope[39m: "provider-selection"
    [35maction[39m: "collect_available_providers"
    [35mqualityProfile[39m: "task_execution"
    [35mrequireTools[39m: false
    [35mavailable[39m: [
      "openrouter",
      "groq"
    ]
    [35mskipped[39m: [
      {
        "provider": "gemini",
        "reason": "no_api_key"
      },
      {
        "provider": "deepseek",
        "reason": "no_api_key"
      }
    ]
    [35mfinalOrder[39m: [
      "openrouter",
      "groq"
    ]
[03:13:58.153] [32mINFO[39m (7904): [36mresolved primary provider: openrouter[39m
    [35mscope[39m: "provider-selection"
    [35maction[39m: "resolve_provider"
    [35mselected[39m: "openrouter"
    [35mrequireTools[39m: false
    [35mqualityProfile[39m: "task_execution"
[03:13:58.183] [32mINFO[39m (7904): [36mprovider selection complete (quality-ordered)[39m
    [35mscope[39m: "provider-selection"
    [35maction[39m: "collect_available_providers"
    [35mqualityProfile[39m: "task_execution"
    [35mrequireTools[39m: false
    [35mavailable[39m: [
      "openrouter",
      "groq"
    ]
    [35mskipped[39m: [
      {
        "provider": "gemini",
        "reason": "no_api_key"
      },
      {
        "provider": "deepseek",
        "reason": "no_api_key"
      }
    ]
    [35mfinalOrder[39m: [
      "openrouter",
      "groq"
    ]
[03:13:58.183] [33mWARN[39m (7904): [36mprovider failed — trying next in chain[39m
    [35mprovider[39m: "openrouter"
    [35mcode[39m: "SERVER_ERROR"
    [35mmessage[39m: "provider request req-raw-task-123 failed at /srv/app/task.ts"
[03:13:58.183] [32mINFO[39m (7904): [36mprimary provider error; retrying agent with fallback provider[39m
    [35mprimary[39m: "openrouter"
    [35mfallback[39m: "groq"
    [35merrorCode[39m: "SERVER_ERROR"
[03:13:58.183] [33mWARN[39m (7904): [36mprovider failed — trying next in chain[39m
    [35mprovider[39m: "groq"
    [35mcode[39m: "SERVER_ERROR"
    [35mmessage[39m: "provider request req-raw-task-123 failed at /srv/app/task.ts"
[03:13:58.202] [31mERROR[39m (7904): [36mAI orchestrator request failed[39m
    [35mprojectId[39m: "6a392bf7-d863-4c7e-b0c0-2cb983247cea"
    [35moperation[39m: "task-execution"
    [35mprovider[39m: "openrouter"
    err: {
      "type": "GroqClientError",
      "message": "provider request req-raw-task-123 failed at /srv/app/task.ts",
      "stack":
          GroqClientError: provider request req-raw-task-123 failed at /srv/app/task.ts
              at /home/runner/workspace/artifacts/api-server/src/routes/ai.test.ts:4055:7
              at processTicksAndRejections (node:internal/process/task_queues:95:5)
              at file:///home/runner/workspace/node_modules/.pnpm/@vitest+runner@4.1.10/node_modules/@vitest/runner/dist/chunk-artifact.js:1903:20
      "code": "SERVER_ERROR",
      "name": "GroqClientError"
    }
[03:13:58.203] [32mINFO[39m (7904): [36mrequest errored[39m
    [35mreq[39m: {
      "id": 130,
      "method": "POST",
      "url": "/api/ai/tasks/358d2f0c-16e0-4231-8c6b-b7a4eb71b3d3/execute"
    }
    [35mres[39m: {
      "statusCode": 502
    }
    [35mresponseTime[39m: 54
    err: {
      "type": "Error",
      "message": "failed with status code 502",
      "stack":
          Error: failed with status code 502
              at onResFinished (/home/runner/workspace/node_modules/.pnpm/pino-http@10.5.0/node_modules/pino-http/logger.js:115:39)
              at ServerResponse.onResponseComplete (/home/runner/workspace/node_modules/.pnpm/pino-http@10.5.0/node_modules/pino-http/logger.js:178:14)
              at ServerResponse.emit (node:events:536:35)
              at onFinish (node:_http_outgoing:1031:10)
              at callback (node:internal/streams/writable:766:21)
              at afterWrite (node:internal/streams/writable:710:5)
              at afterWriteTick (node:internal/streams/writable:696:10)
              at processTicksAndRejections (node:internal/process/task_queues:81:21)
    }
[03:13:58.233] [32mINFO[39m (7904): [36mprovider selection complete (quality-ordered)[39m
    [35mscope[39m: "provider-selection"
    [35maction[39m: "collect_available_providers"
    [35mqualityProfile[39m: "task_execution"
    [35mrequireTools[39m: false
    [35mavailable[39m: [
      "openrouter",
      "groq"
    ]
    [35mskipped[39m: [
      {
        "provider": "gemini",
        "reason": "no_api_key"
      },
      {
        "provider": "deepseek",
        "reason": "no_api_key"
      }
    ]
    [35mfinalOrder[39m: [
      "openrouter",
      "groq"
    ]
[03:13:58.234] [32mINFO[39m (7904): [36mresolved primary provider: openrouter[39m
    [35mscope[39m: "provider-selection"
    [35maction[39m: "resolve_provider"
    [35mselected[39m: "openrouter"
    [35mrequireTools[39m: false
    [35mqualityProfile[39m: "task_execution"
··[03:13:58.386] [32mINFO[39m (7904): [36mprovider selection complete (quality-ordered)[39m
    [35mscope[39m: "provider-selection"
    [35maction[39m: "collect_available_providers"
    [35mqualityProfile[39m: "task_execution"
    [35mrequireTools[39m: false
    [35mavailable[39m: [
      "openrouter",
      "groq"
    ]
    [35mskipped[39m: [
      {
        "provider": "gemini",
        "reason": "no_api_key"
      },
      {
        "provider": "deepseek",
        "reason": "no_api_key"
      }
    ]
    [35mfinalOrder[39m: [
      "openrouter",
      "groq"
    ]
[03:13:58.407] [33mWARN[39m (7904): [36mAI auto-trigger: lifecycle failed[39m
    [35mtaskId[39m: "1150034c-f385-43a9-a7aa-4ac073ffd862"
    [35mexecutionId[39m: "57cb3487-17ea-40c5-bef1-9d15e915fa51"
    [35mcode[39m: "task_execution_failed"
[03:13:58.440] [32mINFO[39m (7904): [36mprovider selection complete (quality-ordered)[39m
    [35mscope[39m: "provider-selection"
    [35maction[39m: "collect_available_providers"
    [35mqualityProfile[39m: "task_execution"
    [35mrequireTools[39m: false
    [35mavailable[39m: [
      "openrouter",
      "groq"
    ]
    [35mskipped[39m: [
      {
        "provider": "gemini",
        "reason": "no_api_key"
      },
      {
        "provider": "deepseek",
        "reason": "no_api_key"
      }
    ]
    [35mfinalOrder[39m: [
      "openrouter",
      "groq"
    ]
[03:13:58.440] [32mINFO[39m (7904): [36mresolved primary provider: openrouter[39m
    [35mscope[39m: "provider-selection"
    [35maction[39m: "resolve_provider"
    [35mselected[39m: "openrouter"
    [35mrequireTools[39m: false
    [35mqualityProfile[39m: "task_execution"
[03:13:58.469] [32mINFO[39m (7904): [36mprovider selection complete (quality-ordered)[39m
    [35mscope[39m: "provider-selection"
    [35maction[39m: "collect_available_providers"
    [35mqualityProfile[39m: "task_execution"
    [35mrequireTools[39m: false
    [35mavailable[39m: [
      "openrouter",
      "groq"
    ]
    [35mskipped[39m: [
      {
        "provider": "gemini",
        "reason": "no_api_key"
      },
      {
        "provider": "deepseek",
        "reason": "no_api_key"
      }
    ]
    [35mfinalOrder[39m: [
      "openrouter",
      "groq"
    ]
[03:13:58.483] [33mWARN[39m (7904): [36mAI auto-trigger: lifecycle failed[39m
    [35mtaskId[39m: "509e7b7a-64db-4d91-aa5d-f013c826906d"
    [35mexecutionId[39m: "75614916-8952-4b05-9519-13663c71d30c"
    [35mcode[39m: "model_output_invalid"
··[03:13:58.515] [32mINFO[39m (7904): [36mprovider selection complete[39m
    [35mscope[39m: "provider-selection"
    [35maction[39m: "collect_available_providers"
    [35mqualityProfile[39m: "task_execution"
    [35mrequireTools[39m: false
    [35mavailable[39m: []
    [35mskipped[39m: [
      {
        "provider": "openrouter",
        "reason": "no_api_key"
      },
      {
        "provider": "gemini",
        "reason": "no_api_key"
      },
      {
        "provider": "deepseek",
        "reason": "no_api_key"
      },
      {
        "provider": "groq",
        "reason": "no_api_key"
      }
    ]
[03:13:58.515] [32mINFO[39m (7904): [36mno provider available[39m
    [35mscope[39m: "provider-selection"
    [35maction[39m: "resolve_provider"
    [35mselected[39m: null
    [35mrequireTools[39m: false
    [35mqualityProfile[39m: "task_execution"
[03:13:58.516] [32mINFO[39m (7904): [36mrequest completed[39m
    [35mreq[39m: {
      "id": 131,
      "method": "POST",
      "url": "/api/ai/tasks/0f278010-d5b1-4a40-9ca3-80e4236abc38/execute"
    }
    [35mres[39m: {
      "statusCode": 428
    }
    [35mresponseTime[39m: 5
[03:13:58.541] [32mINFO[39m (7904): [36mprovider selection complete (quality-ordered)[39m
    [35mscope[39m: "provider-selection"
    [35maction[39m: "collect_available_providers"
    [35mqualityProfile[39m: "task_execution"
    [35mrequireTools[39m: false
    [35mavailable[39m: [
      "openrouter",
      "groq"
    ]
    [35mskipped[39m: [
      {
        "provider": "gemini",
        "reason": "no_api_key"
      },
      {
        "provider": "deepseek",
        "reason": "no_api_key"
      }
    ]
    [35mfinalOrder[39m: [
      "openrouter",
      "groq"
    ]
[03:13:58.541] [32mINFO[39m (7904): [36mresolved primary provider: openrouter[39m
    [35mscope[39m: "provider-selection"
    [35maction[39m: "resolve_provider"
    [35mselected[39m: "openrouter"
    [35mrequireTools[39m: false
    [35mqualityProfile[39m: "task_execution"
[03:13:58.575] [32mINFO[39m (7904): [36mprovider selection complete (quality-ordered)[39m
    [35mscope[39m: "provider-selection"
    [35maction[39m: "collect_available_providers"
    [35mqualityProfile[39m: "task_execution"
    [35mrequireTools[39m: false
    [35mavailable[39m: [
      "openrouter",
      "groq"
    ]
    [35mskipped[39m: [
      {
        "provider": "gemini",
        "reason": "no_api_key"
      },
      {
        "provider": "deepseek",
        "reason": "no_api_key"
      }
    ]
    [35mfinalOrder[39m: [
      "openrouter",
      "groq"
    ]
[03:13:58.593] [32mINFO[39m (7904): [36mrequest completed[39m
    [35mreq[39m: {
      "id": 132,
      "method": "POST",
      "url": "/api/ai/tasks/9be2309d-3f4f-4439-8eb0-9359e022c428/execute"
    }
    [35mres[39m: {
      "statusCode": 409
    }
    [35mresponseTime[39m: 57
[03:13:58.623] [32mINFO[39m (7904): [36mprovider selection complete[39m
    [35mscope[39m: "provider-selection"
    [35maction[39m: "collect_available_providers"
    [35mqualityProfile[39m: "task_execution"
    [35mrequireTools[39m: false
    [35mavailable[39m: [
      "groq"
    ]
    [35mskipped[39m: [
      {
        "provider": "openrouter",
        "reason": "no_api_key"
      },
      {
        "provider": "gemini",
        "reason": "no_api_key"
      },
      {
        "provider": "deepseek",
        "reason": "no_api_key"
      }
    ]
[03:13:58.623] [32mINFO[39m (7904): [36mresolved primary provider: groq[39m
    [35mscope[39m: "provider-selection"
    [35maction[39m: "resolve_provider"
    [35mselected[39m: "groq"
    [35mrequireTools[39m: false
    [35mqualityProfile[39m: "task_execution"
··[03:13:58.652] [32mINFO[39m (7904): [36mprovider selection complete[39m
    [35mscope[39m: "provider-selection"
    [35maction[39m: "collect_available_providers"
    [35mqualityProfile[39m: "task_execution"
    [35mrequireTools[39m: false
    [35mavailable[39m: [
      "groq"
    ]
    [35mskipped[39m: [
      {
        "provider": "openrouter",
        "reason": "no_api_key"
      },
      {
        "provider": "gemini",
        "reason": "no_api_key"
      },
      {
        "provider": "deepseek",
        "reason": "no_api_key"
      }
    ]
[03:13:58.652] [33mWARN[39m (7904): [36mprovider failed — trying next in chain[39m
    [35mprovider[39m: "groq"
    [35mcode[39m: "AUTH_ERROR"
    [35mmessage[39m: "Authorization: Bearer provider-key-secret; upstream authentication request raw-provider-message at /srv/provider/authentication.ts"
[03:13:58.670] [31mERROR[39m (7904): [36mAI orchestrator request failed[39m
    [35mprojectId[39m: "a1aac32a-9679-4cad-8b13-4b778403526c"
    [35moperation[39m: "task-execution"
    [35mprovider[39m: "groq"
    err: {
      "type": "GroqClientError",
      "message": "Authorization: Bearer provider-key-secret; upstream authentication request raw-provider-message at /srv/provider/authentication.ts",
      "stack":
          GroqClientError: Authorization: Bearer provider-key-secret; upstream authentication request raw-provider-message at /srv/provider/authentication.ts
              at makeProviderError (/home/runner/workspace/artifacts/api-server/src/routes/ai.test.ts:4317:12)
              at /home/runner/workspace/artifacts/api-server/src/routes/ai.test.ts:4378:56
              at processTicksAndRejections (node:internal/process/task_queues:95:5)
              at withOnlyProvider (/home/runner/workspace/artifacts/api-server/src/routes/ai.test.ts:4365:14)
              at /home/runner/workspace/artifacts/api-server/src/routes/ai.test.ts:4376:5
              at file:///home/runner/workspace/node_modules/.pnpm/@vitest+runner@4.1.10/node_modules/@vitest/runner/dist/chunk-artifact.js:1903:20
      "code": "AUTH_ERROR",
      "name": "GroqClientError"
    }
[03:13:58.670] [32mINFO[39m (7904): [36mrequest completed[39m
    [35mreq[39m: {
      "id": 133,
      "method": "POST",
      "url": "/api/ai/tasks/8e822d79-4f71-4e81-b864-210e69bf8b80/execute"
    }
    [35mres[39m: {
      "statusCode": 401
    }
    [35mresponseTime[39m: 52
[03:13:58.699] [32mINFO[39m (7904): [36mprovider selection complete[39m
    [35mscope[39m: "provider-selection"
    [35maction[39m: "collect_available_providers"
    [35mqualityProfile[39m: "task_execution"
    [35mrequireTools[39m: false
    [35mavailable[39m: [
      "groq"
    ]
    [35mskipped[39m: [
      {
        "provider": "openrouter",
        "reason": "no_api_key"
      },
      {
        "provider": "gemini",
        "reason": "no_api_key"
      },
      {
        "provider": "deepseek",
        "reason": "no_api_key"
      }
    ]
[03:13:58.699] [32mINFO[39m (7904): [36mresolved primary provider: groq[39m
    [35mscope[39m: "provider-selection"
    [35maction[39m: "resolve_provider"
    [35mselected[39m: "groq"
    [35mrequireTools[39m: false
    [35mqualityProfile[39m: "task_execution"
[03:13:58.738] [32mINFO[39m (7904): [36mprovider selection complete[39m
    [35mscope[39m: "provider-selection"
    [35maction[39m: "collect_available_providers"
    [35mqualityProfile[39m: "task_execution"
    [35mrequireTools[39m: false
    [35mavailable[39m: [
      "groq"
    ]
    [35mskipped[39m: [
      {
        "provider": "openrouter",
        "reason": "no_api_key"
      },
      {
        "provider": "gemini",
        "reason": "no_api_key"
      },
      {
        "provider": "deepseek",
        "reason": "no_api_key"
      }
    ]
[03:13:58.738] [33mWARN[39m (7904): [36mprovider failed — trying next in chain[39m
    [35mprovider[39m: "groq"
    [35mcode[39m: "MODEL_NOT_FOUND"
    [35mmessage[39m: "Authorization: Bearer provider-key-secret; upstream model request raw-provider-message at /srv/provider/model.ts"
·[03:13:58.763] [31mERROR[39m (7904): [36mAI orchestrator request failed[39m
    [35mprojectId[39m: "808308d1-f621-46d4-8ec5-048aa3eb4cdb"
    [35moperation[39m: "task-execution"
    [35mprovider[39m: "groq"
    err: {
      "type": "GroqClientError",
      "message": "Authorization: Bearer provider-key-secret; upstream model request raw-provider-message at /srv/provider/model.ts",
      "stack":
          GroqClientError: Authorization: Bearer provider-key-secret; upstream model request raw-provider-message at /srv/provider/model.ts
              at makeProviderError (/home/runner/workspace/artifacts/api-server/src/routes/ai.test.ts:4317:12)
              at /home/runner/workspace/artifacts/api-server/src/routes/ai.test.ts:4378:56
              at processTicksAndRejections (node:internal/process/task_queues:95:5)
              at withOnlyProvider (/home/runner/workspace/artifacts/api-server/src/routes/ai.test.ts:4365:14)
              at /home/runner/workspace/artifacts/api-server/src/routes/ai.test.ts:4376:5
              at file:///home/runner/workspace/node_modules/.pnpm/@vitest+runner@4.1.10/node_modules/@vitest/runner/dist/chunk-artifact.js:1903:20
      "code": "MODEL_NOT_FOUND",
      "name": "GroqClientError"
    }
[03:13:58.763] [32mINFO[39m (7904): [36mrequest completed[39m
    [35mreq[39m: {
      "id": 134,
      "method": "POST",
      "url": "/api/ai/tasks/50494f32-d7bc-4677-9494-48102394ca50/execute"
    }
    [35mres[39m: {
      "statusCode": 422
    }
    [35mresponseTime[39m: 69
[03:13:58.799] [32mINFO[39m (7904): [36mprovider selection complete[39m
    [35mscope[39m: "provider-selection"
    [35maction[39m: "collect_available_providers"
    [35mqualityProfile[39m: "task_execution"
    [35mrequireTools[39m: false
    [35mavailable[39m: [
      "openrouter"
    ]
    [35mskipped[39m: [
      {
        "provider": "gemini",
        "reason": "no_api_key"
      },
      {
        "provider": "deepseek",
        "reason": "no_api_key"
      },
      {
        "provider": "groq",
        "reason": "no_api_key"
      }
    ]
[03:13:58.799] [32mINFO[39m (7904): [36mresolved primary provider: openrouter[39m
    [35mscope[39m: "provider-selection"
    [35maction[39m: "resolve_provider"
    [35mselected[39m: "openrouter"
    [35mrequireTools[39m: false
    [35mqualityProfile[39m: "task_execution"
[03:13:58.828] [32mINFO[39m (7904): [36mprovider selection complete[39m
    [35mscope[39m: "provider-selection"
    [35maction[39m: "collect_available_providers"
    [35mqualityProfile[39m: "task_execution"
    [35mrequireTools[39m: false
    [35mavailable[39m: [
      "openrouter"
    ]
    [35mskipped[39m: [
      {
        "provider": "gemini",
        "reason": "no_api_key"
      },
      {
        "provider": "deepseek",
        "reason": "no_api_key"
      },
      {
        "provider": "groq",
        "reason": "no_api_key"
      }
    ]
[03:13:58.845] [31mERROR[39m (7904): [36mAI orchestrator request failed[39m
    [35mprojectId[39m: "ab4867b5-eb78-47da-b739-00b87bd6172a"
    [35moperation[39m: "task-execution"
    [35mprovider[39m: "openrouter"
    err: {
      "type": "GroqClientError",
      "message": "Authorization: Bearer provider-key-secret; upstream catalog request raw-provider-message at /srv/provider/catalog.ts",
      "stack":
          GroqClientError: Authorization: Bearer provider-key-secret; upstream catalog request raw-provider-message at /srv/provider/catalog.ts
              at makeProviderError (/home/runner/workspace/artifacts/api-server/src/routes/ai.test.ts:4317:12)
              at /home/runner/workspace/artifacts/api-server/src/routes/ai.test.ts:4378:56
              at processTicksAndRejections (node:internal/process/task_queues:95:5)
              at withOnlyProvider (/home/runner/workspace/artifacts/api-server/src/routes/ai.test.ts:4365:14)
              at /home/runner/workspace/artifacts/api-server/src/routes/ai.test.ts:4376:5
              at file:///home/runner/workspace/node_modules/.pnpm/@vitest+runner@4.1.10/node_modules/@vitest/runner/dist/chunk-artifact.js:1903:20
      "code": "INVALID_CONFIG",
      "providerCode": "NO_COMPATIBLE_FREE_MODEL",
      "catalogStatus": "failed",
      "catalogError": "raw catalog response at /tmp/catalog.json",
      "name": "GroqClientError"
    }
[03:13:58.846] [32mINFO[39m (7904): [36mrequest errored[39m
    [35mreq[39m: {
      "id": 135,
      "method": "POST",
      "url": "/api/ai/tasks/6e9231af-1deb-43c2-8059-405612e5a6c8/execute"
    }
    [35mres[39m: {
      "statusCode": 503
    }
    [35mresponseTime[39m: 52
    err: {
      "type": "Error",
      "message": "failed with status code 503",
      "stack":
          Error: failed with status code 503
              at onResFinished (/home/runner/workspace/node_modules/.pnpm/pino-http@10.5.0/node_modules/pino-http/logger.js:115:39)
              at ServerResponse.onResponseComplete (/home/runner/workspace/node_modules/.pnpm/pino-http@10.5.0/node_modules/pino-http/logger.js:178:14)
              at ServerResponse.emit (node:events:536:35)
              at onFinish (node:_http_outgoing:1031:10)
              at callback (node:internal/streams/writable:766:21)
              at afterWrite (node:internal/streams/writable:710:5)
              at afterWriteTick (node:internal/streams/writable:696:10)
              at processTicksAndRejections (node:internal/process/task_queues:81:21)
    }
[03:13:58.880] [32mINFO[39m (7904): [36mprovider selection complete[39m
    [35mscope[39m: "provider-selection"
    [35maction[39m: "collect_available_providers"
    [35mqualityProfile[39m: "task_execution"
    [35mrequireTools[39m: false
    [35mavailable[39m: [
      "groq"
    ]
    [35mskipped[39m: [
      {
        "provider": "openrouter",
        "reason": "no_api_key"
      },
      {
        "provider": "gemini",
        "reason": "no_api_key"
      },
      {
        "provider": "deepseek",
        "reason": "no_api_key"
      }
    ]
[03:13:58.880] [32mINFO[39m (7904): [36mresolved primary provider: groq[39m
    [35mscope[39m: "provider-selection"
    [35maction[39m: "resolve_provider"
    [35mselected[39m: "groq"
    [35mrequireTools[39m: false
    [35mqualityProfile[39m: "task_execution"
··[03:13:58.911] [32mINFO[39m (7904): [36mprovider selection complete[39m
    [35mscope[39m: "provider-selection"
    [35maction[39m: "collect_available_providers"
    [35mqualityProfile[39m: "task_execution"
    [35mrequireTools[39m: false
    [35mavailable[39m: [
      "groq"
    ]
    [35mskipped[39m: [
      {
        "provider": "openrouter",
        "reason": "no_api_key"
      },
      {
        "provider": "gemini",
        "reason": "no_api_key"
      },
      {
        "provider": "deepseek",
        "reason": "no_api_key"
      }
    ]
[03:13:58.911] [33mWARN[39m (7904): [36mprovider failed — trying next in chain[39m
    [35mprovider[39m: "groq"
    [35mcode[39m: "QUOTA"
    [35mmessage[39m: "Authorization: Bearer provider-key-secret; upstream quota request raw-provider-message at /srv/provider/quota.ts"
[03:13:58.927] [31mERROR[39m (7904): [36mAI orchestrator request failed[39m
    [35mprojectId[39m: "5872cb8e-4ac0-4dd4-abc7-4e822627714d"
    [35moperation[39m: "task-execution"
    [35mprovider[39m: "groq"
    err: {
      "type": "GroqClientError",
      "message": "Authorization: Bearer provider-key-secret; upstream quota request raw-provider-message at /srv/provider/quota.ts",
      "stack":
          GroqClientError: Authorization: Bearer provider-key-secret; upstream quota request raw-provider-message at /srv/provider/quota.ts
              at makeProviderError (/home/runner/workspace/artifacts/api-server/src/routes/ai.test.ts:4317:12)
              at /home/runner/workspace/artifacts/api-server/src/routes/ai.test.ts:4378:56
              at processTicksAndRejections (node:internal/process/task_queues:95:5)
              at withOnlyProvider (/home/runner/workspace/artifacts/api-server/src/routes/ai.test.ts:4365:14)
              at /home/runner/workspace/artifacts/api-server/src/routes/ai.test.ts:4376:5
              at file:///home/runner/workspace/node_modules/.pnpm/@vitest+runner@4.1.10/node_modules/@vitest/runner/dist/chunk-artifact.js:1903:20
      "code": "QUOTA",
      "name": "GroqClientError"
    }
[03:13:58.927] [32mINFO[39m (7904): [36mrequest completed[39m
    [35mreq[39m: {
      "id": 136,
      "method": "POST",
      "url": "/api/ai/tasks/e8ad1e19-1105-4ae3-b276-dd6a98b9fd93/execute"
    }
    [35mres[39m: {
      "statusCode": 402
    }
    [35mresponseTime[39m: 53
[03:13:58.956] [32mINFO[39m (7904): [36mprovider selection complete[39m
    [35mscope[39m: "provider-selection"
    [35maction[39m: "collect_available_providers"
    [35mqualityProfile[39m: "task_execution"
    [35mrequireTools[39m: false
    [35mavailable[39m: [
      "groq"
    ]
    [35mskipped[39m: [
      {
        "provider": "openrouter",
        "reason": "no_api_key"
      },
      {
        "provider": "gemini",
        "reason": "no_api_key"
      },
      {
        "provider": "deepseek",
        "reason": "no_api_key"
      }
    ]
[03:13:58.956] [32mINFO[39m (7904): [36mresolved primary provider: groq[39m
    [35mscope[39m: "provider-selection"
    [35maction[39m: "resolve_provider"
    [35mselected[39m: "groq"
    [35mrequireTools[39m: false
    [35mqualityProfile[39m: "task_execution"
[03:13:58.984] [32mINFO[39m (7904): [36mprovider selection complete[39m
    [35mscope[39m: "provider-selection"
    [35maction[39m: "collect_available_providers"
    [35mqualityProfile[39m: "task_execution"
    [35mrequireTools[39m: false
    [35mavailable[39m: [
      "groq"
    ]
    [35mskipped[39m: [
      {
        "provider": "openrouter",
        "reason": "no_api_key"
      },
      {
        "provider": "gemini",
        "reason": "no_api_key"
      },
      {
        "provider": "deepseek",
        "reason": "no_api_key"
      }
    ]
[03:13:58.984] [33mWARN[39m (7904): [36mprovider failed — trying next in chain[39m
    [35mprovider[39m: "groq"
    [35mcode[39m: "RATE_LIMITED"
    [35mmessage[39m: "Authorization: Bearer provider-key-secret; upstream rate-limit request raw-provider-message at /srv/provider/rate-limit.ts"
·[03:13:59.003] [31mERROR[39m (7904): [36mAI orchestrator request failed[39m
    [35mprojectId[39m: "9462bf7f-7497-4e95-9d0f-603427daf44b"
    [35moperation[39m: "task-execution"
    [35mprovider[39m: "groq"
    err: {
      "type": "GroqClientError",
      "message": "Authorization: Bearer provider-key-secret; upstream rate-limit request raw-provider-message at /srv/provider/rate-limit.ts",
      "stack":
          GroqClientError: Authorization: Bearer provider-key-secret; upstream rate-limit request raw-provider-message at /srv/provider/rate-limit.ts
              at makeProviderError (/home/runner/workspace/artifacts/api-server/src/routes/ai.test.ts:4317:12)
              at /home/runner/workspace/artifacts/api-server/src/routes/ai.test.ts:4378:56
              at processTicksAndRejections (node:internal/process/task_queues:95:5)
              at withOnlyProvider (/home/runner/workspace/artifacts/api-server/src/routes/ai.test.ts:4365:14)
              at /home/runner/workspace/artifacts/api-server/src/routes/ai.test.ts:4376:5
              at file:///home/runner/workspace/node_modules/.pnpm/@vitest+runner@4.1.10/node_modules/@vitest/runner/dist/chunk-artifact.js:1903:20
      "code": "RATE_LIMITED",
      "name": "GroqClientError"
    }
[03:13:59.003] [32mINFO[39m (7904): [36mrequest completed[39m
    [35mreq[39m: {
      "id": 137,
      "method": "POST",
      "url": "/api/ai/tasks/1d22b36a-2adb-4111-b2a6-04170d82f0b7/execute"
    }
    [35mres[39m: {
      "statusCode": 429
    }
    [35mresponseTime[39m: 52
[03:13:59.035] [32mINFO[39m (7904): [36mprovider selection complete[39m
    [35mscope[39m: "provider-selection"
    [35maction[39m: "collect_available_providers"
    [35mqualityProfile[39m: "task_execution"
    [35mrequireTools[39m: false
    [35mavailable[39m: [
      "groq"
    ]
    [35mskipped[39m: [
      {
        "provider": "openrouter",
        "reason": "no_api_key"
      },
      {
        "provider": "gemini",
        "reason": "no_api_key"
      },
      {
        "provider": "deepseek",
        "reason": "no_api_key"
      }
    ]
[03:13:59.035] [32mINFO[39m (7904): [36mresolved primary provider: groq[39m
    [35mscope[39m: "provider-selection"
    [35maction[39m: "resolve_provider"
    [35mselected[39m: "groq"
    [35mrequireTools[39m: false
    [35mqualityProfile[39m: "task_execution"
[03:13:59.068] [32mINFO[39m (7904): [36mprovider selection complete[39m
    [35mscope[39m: "provider-selection"
    [35maction[39m: "collect_available_providers"
    [35mqualityProfile[39m: "task_execution"
    [35mrequireTools[39m: false
    [35mavailable[39m: [
      "groq"
    ]
    [35mskipped[39m: [
      {
        "provider": "openrouter",
        "reason": "no_api_key"
      },
      {
        "provider": "gemini",
        "reason": "no_api_key"
      },
      {
        "provider": "deepseek",
        "reason": "no_api_key"
      }
    ]
[03:13:59.068] [33mWARN[39m (7904): [36mprovider failed — trying next in chain[39m
    [35mprovider[39m: "groq"
    [35mcode[39m: "MODEL_NOT_FOUND"
    [35mmessage[39m: "Authorization: Bearer provider-key-secret; upstream circuit request raw-provider-message at /srv/provider/circuit.ts"
[03:13:59.084] [31mERROR[39m (7904): [36mAI orchestrator request failed[39m
    [35mprojectId[39m: "1a37fa74-2e90-40d8-96f7-bddc60e21a65"
    [35moperation[39m: "task-execution"
    [35mprovider[39m: "groq"
    err: {
      "type": "GroqClientError",
      "message": "Authorization: Bearer provider-key-secret; upstream circuit request raw-provider-message at /srv/provider/circuit.ts",
      "stack":
          GroqClientError: Authorization: Bearer provider-key-secret; upstream circuit request raw-provider-message at /srv/provider/circuit.ts
              at makeProviderError (/home/runner/workspace/artifacts/api-server/src/routes/ai.test.ts:4317:12)
              at /home/runner/workspace/artifacts/api-server/src/routes/ai.test.ts:4378:56
              at processTicksAndRejections (node:internal/process/task_queues:95:5)
              at withOnlyProvider (/home/runner/workspace/artifacts/api-server/src/routes/ai.test.ts:4365:14)
              at /home/runner/workspace/artifacts/api-server/src/routes/ai.test.ts:4376:5
              at file:///home/runner/workspace/node_modules/.pnpm/@vitest+runner@4.1.10/node_modules/@vitest/runner/dist/chunk-artifact.js:1903:20
      "code": "MODEL_NOT_FOUND",
      "providerCode": "CIRCUIT_OPEN",
      "name": "GroqClientError"
    }
[03:13:59.084] [32mINFO[39m (7904): [36mrequest completed[39m
    [35mreq[39m: {
      "id": 138,
      "method": "POST",
      "url": "/api/ai/tasks/0b4335c2-27d1-4ec0-b99e-e5a2614dd0ee/execute"
    }
    [35mres[39m: {
      "statusCode": 422
    }
    [35mresponseTime[39m: 53
·[03:13:59.194] [32mINFO[39m (7904): [36mprovider selection complete[39m
    [35mscope[39m: "provider-selection"
    [35maction[39m: "collect_available_providers"
    [35mqualityProfile[39m: "task_execution"
    [35mrequireTools[39m: false
    [35mavailable[39m: [
      "groq"
    ]
    [35mskipped[39m: [
      {
        "provider": "openrouter",
        "reason": "no_api_key"
      },
      {
        "provider": "gemini",
        "reason": "no_api_key"
      },
      {
        "provider": "deepseek",
        "reason": "no_api_key"
      }
    ]
[03:13:59.194] [32mINFO[39m (7904): [36mresolved primary provider: groq[39m
    [35mscope[39m: "provider-selection"
    [35maction[39m: "resolve_provider"
    [35mselected[39m: "groq"
    [35mrequireTools[39m: false
    [35mqualityProfile[39m: "task_execution"
[03:13:59.220] [32mINFO[39m (7904): [36mprovider selection complete[39m
    [35mscope[39m: "provider-selection"
    [35maction[39m: "collect_available_providers"
    [35mqualityProfile[39m: "task_execution"
    [35mrequireTools[39m: false
    [35mavailable[39m: [
      "groq"
    ]
    [35mskipped[39m: [
      {
        "provider": "openrouter",
        "reason": "no_api_key"
      },
      {
        "provider": "gemini",
        "reason": "no_api_key"
      },
      {
        "provider": "deepseek",
        "reason": "no_api_key"
      }
    ]
[03:13:59.220] [33mWARN[39m (7904): [36mprovider failed — trying next in chain[39m
    [35mprovider[39m: "groq"
    [35mcode[39m: "SERVER_ERROR"
    [35mmessage[39m: "Authorization: Bearer provider-key-secret; upstream outage request raw-provider-message at /srv/provider/outage.ts"
·[03:13:59.235] [31mERROR[39m (7904): [36mAI orchestrator request failed[39m
    [35mprojectId[39m: "c384a40f-ec4d-4cdd-a769-6a37ac353424"
    [35moperation[39m: "task-execution"
    [35mprovider[39m: "groq"
    err: {
      "type": "GroqClientError",
      "message": "Authorization: Bearer provider-key-secret; upstream outage request raw-provider-message at /srv/provider/outage.ts",
      "stack":
          GroqClientError: Authorization: Bearer provider-key-secret; upstream outage request raw-provider-message at /srv/provider/outage.ts
              at makeProviderError (/home/runner/workspace/artifacts/api-server/src/routes/ai.test.ts:4317:12)
              at /home/runner/workspace/artifacts/api-server/src/routes/ai.test.ts:4378:56
              at processTicksAndRejections (node:internal/process/task_queues:95:5)
              at withOnlyProvider (/home/runner/workspace/artifacts/api-server/src/routes/ai.test.ts:4365:14)
              at /home/runner/workspace/artifacts/api-server/src/routes/ai.test.ts:4376:5
              at file:///home/runner/workspace/node_modules/.pnpm/@vitest+runner@4.1.10/node_modules/@vitest/runner/dist/chunk-artifact.js:1903:20
      "code": "SERVER_ERROR",
      "name": "GroqClientError"
    }
[03:13:59.236] [32mINFO[39m (7904): [36mrequest errored[39m
    [35mreq[39m: {
      "id": 139,
      "method": "POST",
      "url": "/api/ai/tasks/c2123339-594a-4653-8bad-b15c4859190c/execute"
    }
    [35mres[39m: {
      "statusCode": 502
    }
    [35mresponseTime[39m: 48
    err: {
      "type": "Error",
      "message": "failed with status code 502",
      "stack":
          Error: failed with status code 502
              at onResFinished (/home/runner/workspace/node_modules/.pnpm/pino-http@10.5.0/node_modules/pino-http/logger.js:115:39)
              at ServerResponse.onResponseComplete (/home/runner/workspace/node_modules/.pnpm/pino-http@10.5.0/node_modules/pino-http/logger.js:178:14)
              at ServerResponse.emit (node:events:536:35)
              at onFinish (node:_http_outgoing:1031:10)
              at callback (node:internal/streams/writable:766:21)
              at afterWrite (node:internal/streams/writable:710:5)
              at afterWriteTick (node:internal/streams/writable:696:10)
              at processTicksAndRejections (node:internal/process/task_queues:81:21)
    }
[03:13:59.262] [32mINFO[39m (7904): [36mprovider selection complete[39m
    [35mscope[39m: "provider-selection"
    [35maction[39m: "collect_available_providers"
    [35mqualityProfile[39m: "workflow"
    [35mrequireTools[39m: false
    [35mavailable[39m: [
      "groq"
    ]
    [35mskipped[39m: [
      {
        "provider": "openrouter",
        "reason": "no_api_key"
      },
      {
        "provider": "gemini",
        "reason": "no_api_key"
      },
      {
        "provider": "deepseek",
        "reason": "no_api_key"
      }
    ]
[03:13:59.262] [32mINFO[39m (7904): [36mresolved primary provider: groq[39m
    [35mscope[39m: "provider-selection"
    [35maction[39m: "resolve_provider"
    [35mselected[39m: "groq"
    [35mrequireTools[39m: false
    [35mqualityProfile[39m: "workflow"
[03:13:59.278] [31mERROR[39m (7904): [36mAI orchestrator request failed[39m
    [35mprojectId[39m: "31d40c28-0477-48fe-a55a-1dfdcf6d721a"
    [35moperation[39m: "workflow-orchestration"
    [35mprovider[39m: "groq"
    err: {
      "type": "GroqClientError",
      "message": "Authorization: Bearer provider-key-secret; upstream authentication request raw-provider-message at /srv/provider/authentication.ts",
      "stack":
          GroqClientError: Authorization: Bearer provider-key-secret; upstream authentication request raw-provider-message at /srv/provider/authentication.ts
              at makeProviderError (/home/runner/workspace/artifacts/api-server/src/routes/ai.test.ts:4317:12)
              at /home/runner/workspace/artifacts/api-server/src/routes/ai.test.ts:4392:56
              at processTicksAndRejections (node:internal/process/task_queues:95:5)
              at withOnlyProvider (/home/runner/workspace/artifacts/api-server/src/routes/ai.test.ts:4365:14)
              at /home/runner/workspace/artifacts/api-server/src/routes/ai.test.ts:4390:5
              at file:///home/runner/workspace/node_modules/.pnpm/@vitest+runner@4.1.10/node_modules/@vitest/runner/dist/chunk-artifact.js:1903:20
      "code": "AUTH_ERROR",
      "name": "GroqClientError"
    }
[03:13:59.279] [32mINFO[39m (7904): [36mrequest completed[39m
    [35mreq[39m: {
      "id": 140,
      "method": "POST",
      "url": "/api/ai/workflows/800903d9-494f-4848-b341-bda76622c4ab/orchestrate"
    }
    [35mres[39m: {
      "statusCode": 401
    }
    [35mresponseTime[39m: 21
[03:13:59.303] [32mINFO[39m (7904): [36mprovider selection complete[39m
    [35mscope[39m: "provider-selection"
    [35maction[39m: "collect_available_providers"
    [35mqualityProfile[39m: "workflow"
    [35mrequireTools[39m: false
    [35mavailable[39m: [
      "groq"
    ]
    [35mskipped[39m: [
      {
        "provider": "openrouter",
        "reason": "no_api_key"
      },
      {
        "provider": "gemini",
        "reason": "no_api_key"
      },
      {
        "provider": "deepseek",
        "reason": "no_api_key"
      }
    ]
[03:13:59.303] [32mINFO[39m (7904): [36mresolved primary provider: groq[39m
    [35mscope[39m: "provider-selection"
    [35maction[39m: "resolve_provider"
    [35mselected[39m: "groq"
    [35mrequireTools[39m: false
    [35mqualityProfile[39m: "workflow"
[03:13:59.321] [31mERROR[39m (7904): [36mAI orchestrator request failed[39m
    [35mprojectId[39m: "fd5f9215-d989-4754-85da-ce866b898726"
    [35moperation[39m: "workflow-orchestration"
    [35mprovider[39m: "groq"
    err: {
      "type": "GroqClientError",
      "message": "Authorization: Bearer provider-key-secret; upstream model request raw-provider-message at /srv/provider/model.ts",
      "stack":
          GroqClientError: Authorization: Bearer provider-key-secret; upstream model request raw-provider-message at /srv/provider/model.ts
              at makeProviderError (/home/runner/workspace/artifacts/api-server/src/routes/ai.test.ts:4317:12)
              at /home/runner/workspace/artifacts/api-server/src/routes/ai.test.ts:4392:56
              at processTicksAndRejections (node:internal/process/task_queues:95:5)
              at withOnlyProvider (/home/runner/workspace/artifacts/api-server/src/routes/ai.test.ts:4365:14)
              at /home/runner/workspace/artifacts/api-server/src/routes/ai.test.ts:4390:5
              at file:///home/runner/workspace/node_modules/.pnpm/@vitest+runner@4.1.10/node_modules/@vitest/runner/dist/chunk-artifact.js:1903:20
      "code": "MODEL_NOT_FOUND",
      "name": "GroqClientError"
    }
[03:13:59.321] [32mINFO[39m (7904): [36mrequest completed[39m
    [35mreq[39m: {
      "id": 141,
      "method": "POST",
      "url": "/api/ai/workflows/b0ed0122-2301-4f85-9da0-bac8e4a1ea73/orchestrate"
    }
    [35mres[39m: {
      "statusCode": 422
    }
    [35mresponseTime[39m: 22
···[03:13:59.344] [32mINFO[39m (7904): [36mprovider selection complete[39m
    [35mscope[39m: "provider-selection"
    [35maction[39m: "collect_available_providers"
    [35mqualityProfile[39m: "workflow"
    [35mrequireTools[39m: false
    [35mavailable[39m: [
      "openrouter"
    ]
    [35mskipped[39m: [
      {
        "provider": "gemini",
        "reason": "no_api_key"
      },
      {
        "provider": "deepseek",
        "reason": "no_api_key"
      },
      {
        "provider": "groq",
        "reason": "no_api_key"
      }
    ]
[03:13:59.344] [32mINFO[39m (7904): [36mresolved primary provider: openrouter[39m
    [35mscope[39m: "provider-selection"
    [35maction[39m: "resolve_provider"
    [35mselected[39m: "openrouter"
    [35mrequireTools[39m: false
    [35mqualityProfile[39m: "workflow"
[03:13:59.360] [31mERROR[39m (7904): [36mAI orchestrator request failed[39m
    [35mprojectId[39m: "8b04249f-f8f2-4e2e-92c6-22b6e33f4715"
    [35moperation[39m: "workflow-orchestration"
    [35mprovider[39m: "openrouter"
    err: {
      "type": "GroqClientError",
      "message": "Authorization: Bearer provider-key-secret; upstream catalog request raw-provider-message at /srv/provider/catalog.ts",
      "stack":
          GroqClientError: Authorization: Bearer provider-key-secret; upstream catalog request raw-provider-message at /srv/provider/catalog.ts
              at makeProviderError (/home/runner/workspace/artifacts/api-server/src/routes/ai.test.ts:4317:12)
              at /home/runner/workspace/artifacts/api-server/src/routes/ai.test.ts:4392:56
              at processTicksAndRejections (node:internal/process/task_queues:95:5)
              at withOnlyProvider (/home/runner/workspace/artifacts/api-server/src/routes/ai.test.ts:4365:14)
              at /home/runner/workspace/artifacts/api-server/src/routes/ai.test.ts:4390:5
              at file:///home/runner/workspace/node_modules/.pnpm/@vitest+runner@4.1.10/node_modules/@vitest/runner/dist/chunk-artifact.js:1903:20
      "code": "INVALID_CONFIG",
      "providerCode": "NO_COMPATIBLE_FREE_MODEL",
      "catalogStatus": "failed",
      "catalogError": "raw catalog response at /tmp/catalog.json",
      "name": "GroqClientError"
    }
[03:13:59.361] [32mINFO[39m (7904): [36mrequest errored[39m
    [35mreq[39m: {
      "id": 142,
      "method": "POST",
      "url": "/api/ai/workflows/0e0a645c-6d7d-425f-9a54-690c3725e72c/orchestrate"
    }
    [35mres[39m: {
      "statusCode": 503
    }
    [35mresponseTime[39m: 22
    err: {
      "type": "Error",
      "message": "failed with status code 503",
      "stack":
          Error: failed with status code 503
              at onResFinished (/home/runner/workspace/node_modules/.pnpm/pino-http@10.5.0/node_modules/pino-http/logger.js:115:39)
              at ServerResponse.onResponseComplete (/home/runner/workspace/node_modules/.pnpm/pino-http@10.5.0/node_modules/pino-http/logger.js:178:14)
              at ServerResponse.emit (node:events:536:35)
              at onFinish (node:_http_outgoing:1031:10)
              at callback (node:internal/streams/writable:766:21)
              at afterWrite (node:internal/streams/writable:710:5)
              at afterWriteTick (node:internal/streams/writable:696:10)
              at processTicksAndRejections (node:internal/process/task_queues:81:21)
    }
[03:13:59.384] [32mINFO[39m (7904): [36mprovider selection complete[39m
    [35mscope[39m: "provider-selection"
    [35maction[39m: "collect_available_providers"
    [35mqualityProfile[39m: "workflow"
    [35mrequireTools[39m: false
    [35mavailable[39m: [
      "groq"
    ]
    [35mskipped[39m: [
      {
        "provider": "openrouter",
        "reason": "no_api_key"
      },
      {
        "provider": "gemini",
        "reason": "no_api_key"
      },
      {
        "provider": "deepseek",
        "reason": "no_api_key"
      }
    ]
[03:13:59.384] [32mINFO[39m (7904): [36mresolved primary provider: groq[39m
    [35mscope[39m: "provider-selection"
    [35maction[39m: "resolve_provider"
    [35mselected[39m: "groq"
    [35mrequireTools[39m: false
    [35mqualityProfile[39m: "workflow"
[03:13:59.401] [31mERROR[39m (7904): [36mAI orchestrator request failed[39m
    [35mprojectId[39m: "55d2fc02-4ced-4656-8c54-6c7acf2272e5"
    [35moperation[39m: "workflow-orchestration"
    [35mprovider[39m: "groq"
    err: {
      "type": "GroqClientError",
      "message": "Authorization: Bearer provider-key-secret; upstream quota request raw-provider-message at /srv/provider/quota.ts",
      "stack":
          GroqClientError: Authorization: Bearer provider-key-secret; upstream quota request raw-provider-message at /srv/provider/quota.ts
              at makeProviderError (/home/runner/workspace/artifacts/api-server/src/routes/ai.test.ts:4317:12)
              at /home/runner/workspace/artifacts/api-server/src/routes/ai.test.ts:4392:56
              at processTicksAndRejections (node:internal/process/task_queues:95:5)
              at withOnlyProvider (/home/runner/workspace/artifacts/api-server/src/routes/ai.test.ts:4365:14)
              at /home/runner/workspace/artifacts/api-server/src/routes/ai.test.ts:4390:5
              at file:///home/runner/workspace/node_modules/.pnpm/@vitest+runner@4.1.10/node_modules/@vitest/runner/dist/chunk-artifact.js:1903:20
      "code": "QUOTA",
      "name": "GroqClientError"
    }
[03:13:59.402] [32mINFO[39m (7904): [36mrequest completed[39m
    [35mreq[39m: {
      "id": 143,
      "method": "POST",
      "url": "/api/ai/workflows/c65c90d2-c010-4e20-8cbf-ec165498d7a6/orchestrate"
    }
    [35mres[39m: {
      "statusCode": 402
    }
    [35mresponseTime[39m: 22
[03:13:59.433] [32mINFO[39m (7904): [36mprovider selection complete[39m
    [35mscope[39m: "provider-selection"
    [35maction[39m: "collect_available_providers"
    [35mqualityProfile[39m: "workflow"
    [35mrequireTools[39m: false
    [35mavailable[39m: [
      "groq"
    ]
    [35mskipped[39m: [
      {
        "provider": "openrouter",
        "reason": "no_api_key"
      },
      {
        "provider": "gemini",
        "reason": "no_api_key"
      },
      {
        "provider": "deepseek",
        "reason": "no_api_key"
      }
    ]
[03:13:59.433] [32mINFO[39m (7904): [36mresolved primary provider: groq[39m
    [35mscope[39m: "provider-selection"
    [35maction[39m: "resolve_provider"
    [35mselected[39m: "groq"
    [35mrequireTools[39m: false
    [35mqualityProfile[39m: "workflow"
··[03:13:59.450] [31mERROR[39m (7904): [36mAI orchestrator request failed[39m
    [35mprojectId[39m: "de718fdc-3d13-47cd-bfc3-c34b88632d7a"
    [35moperation[39m: "workflow-orchestration"
    [35mprovider[39m: "groq"
    err: {
      "type": "GroqClientError",
      "message": "Authorization: Bearer provider-key-secret; upstream rate-limit request raw-provider-message at /srv/provider/rate-limit.ts",
      "stack":
          GroqClientError: Authorization: Bearer provider-key-secret; upstream rate-limit request raw-provider-message at /srv/provider/rate-limit.ts
              at makeProviderError (/home/runner/workspace/artifacts/api-server/src/routes/ai.test.ts:4317:12)
              at /home/runner/workspace/artifacts/api-server/src/routes/ai.test.ts:4392:56
              at processTicksAndRejections (node:internal/process/task_queues:95:5)
              at withOnlyProvider (/home/runner/workspace/artifacts/api-server/src/routes/ai.test.ts:4365:14)
              at /home/runner/workspace/artifacts/api-server/src/routes/ai.test.ts:4390:5
              at file:///home/runner/workspace/node_modules/.pnpm/@vitest+runner@4.1.10/node_modules/@vitest/runner/dist/chunk-artifact.js:1903:20
      "code": "RATE_LIMITED",
      "name": "GroqClientError"
    }
[03:13:59.451] [32mINFO[39m (7904): [36mrequest completed[39m
    [35mreq[39m: {
      "id": 144,
      "method": "POST",
      "url": "/api/ai/workflows/23c9e997-7e57-439a-aad6-67f9cea86d2f/orchestrate"
    }
    [35mres[39m: {
      "statusCode": 429
    }
    [35mresponseTime[39m: 28
[03:13:59.476] [32mINFO[39m (7904): [36mprovider selection complete[39m
    [35mscope[39m: "provider-selection"
    [35maction[39m: "collect_available_providers"
    [35mqualityProfile[39m: "workflow"
    [35mrequireTools[39m: false
    [35mavailable[39m: [
      "groq"
    ]
    [35mskipped[39m: [
      {
        "provider": "openrouter",
        "reason": "no_api_key"
      },
      {
        "provider": "gemini",
        "reason": "no_api_key"
      },
      {
        "provider": "deepseek",
        "reason": "no_api_key"
      }
    ]
[03:13:59.476] [32mINFO[39m (7904): [36mresolved primary provider: groq[39m
    [35mscope[39m: "provider-selection"
    [35maction[39m: "resolve_provider"
    [35mselected[39m: "groq"
    [35mrequireTools[39m: false
    [35mqualityProfile[39m: "workflow"
[03:13:59.492] [31mERROR[39m (7904): [36mAI orchestrator request failed[39m
    [35mprojectId[39m: "aa4befc3-940f-4593-998a-c83f5f1107ec"
    [35moperation[39m: "workflow-orchestration"
    [35mprovider[39m: "groq"
    err: {
      "type": "GroqClientError",
      "message": "Authorization: Bearer provider-key-secret; upstream circuit request raw-provider-message at /srv/provider/circuit.ts",
      "stack":
          GroqClientError: Authorization: Bearer provider-key-secret; upstream circuit request raw-provider-message at /srv/provider/circuit.ts
              at makeProviderError (/home/runner/workspace/artifacts/api-server/src/routes/ai.test.ts:4317:12)
              at /home/runner/workspace/artifacts/api-server/src/routes/ai.test.ts:4392:56
              at processTicksAndRejections (node:internal/process/task_queues:95:5)
              at withOnlyProvider (/home/runner/workspace/artifacts/api-server/src/routes/ai.test.ts:4365:14)
              at /home/runner/workspace/artifacts/api-server/src/routes/ai.test.ts:4390:5
              at file:///home/runner/workspace/node_modules/.pnpm/@vitest+runner@4.1.10/node_modules/@vitest/runner/dist/chunk-artifact.js:1903:20
      "code": "MODEL_NOT_FOUND",
      "providerCode": "CIRCUIT_OPEN",
      "name": "GroqClientError"
    }
[03:13:59.493] [32mINFO[39m (7904): [36mrequest completed[39m
    [35mreq[39m: {
      "id": 145,
      "method": "POST",
      "url": "/api/ai/workflows/fc358e95-1abd-4dd6-b773-7f7a9941d826/orchestrate"
    }
    [35mres[39m: {
      "statusCode": 422
    }
    [35mresponseTime[39m: 22
[03:13:59.516] [32mINFO[39m (7904): [36mprovider selection complete[39m
    [35mscope[39m: "provider-selection"
    [35maction[39m: "collect_available_providers"
    [35mqualityProfile[39m: "workflow"
    [35mrequireTools[39m: false
    [35mavailable[39m: [
      "groq"
    ]
    [35mskipped[39m: [
      {
        "provider": "openrouter",
        "reason": "no_api_key"
      },
      {
        "provider": "gemini",
        "reason": "no_api_key"
      },
      {
        "provider": "deepseek",
        "reason": "no_api_key"
      }
    ]
[03:13:59.516] [32mINFO[39m (7904): [36mresolved primary provider: groq[39m
    [35mscope[39m: "provider-selection"
    [35maction[39m: "resolve_provider"
    [35mselected[39m: "groq"
    [35mrequireTools[39m: false
    [35mqualityProfile[39m: "workflow"
[03:13:59.536] [31mERROR[39m (7904): [36mAI orchestrator request failed[39m
    [35mprojectId[39m: "e0a4ffe6-3996-4235-b9f7-b53a90c18540"
    [35moperation[39m: "workflow-orchestration"
    [35mprovider[39m: "groq"
    err: {
      "type": "GroqClientError",
      "message": "Authorization: Bearer provider-key-secret; upstream outage request raw-provider-message at /srv/provider/outage.ts",
      "stack":
          GroqClientError: Authorization: Bearer provider-key-secret; upstream outage request raw-provider-message at /srv/provider/outage.ts
              at makeProviderError (/home/runner/workspace/artifacts/api-server/src/routes/ai.test.ts:4317:12)
              at /home/runner/workspace/artifacts/api-server/src/routes/ai.test.ts:4392:56
              at processTicksAndRejections (node:internal/process/task_queues:95:5)
              at withOnlyProvider (/home/runner/workspace/artifacts/api-server/src/routes/ai.test.ts:4365:14)
              at /home/runner/workspace/artifacts/api-server/src/routes/ai.test.ts:4390:5
              at file:///home/runner/workspace/node_modules/.pnpm/@vitest+runner@4.1.10/node_modules/@vitest/runner/dist/chunk-artifact.js:1903:20
      "code": "SERVER_ERROR",
      "name": "GroqClientError"
    }
[03:13:59.536] [32mINFO[39m (7904): [36mrequest errored[39m
    [35mreq[39m: {
      "id": 146,
      "method": "POST",
      "url": "/api/ai/workflows/04273784-76d3-4c99-91c6-768a21f3a8c7/orchestrate"
    }
    [35mres[39m: {
      "statusCode": 502
    }
    [35mresponseTime[39m: 26
    err: {
      "type": "Error",
      "message": "failed with status code 502",
      "stack":
          Error: failed with status code 502
              at onResFinished (/home/runner/workspace/node_modules/.pnpm/pino-http@10.5.0/node_modules/pino-http/logger.js:115:39)
              at ServerResponse.onResponseComplete (/home/runner/workspace/node_modules/.pnpm/pino-http@10.5.0/node_modules/pino-http/logger.js:178:14)
              at ServerResponse.emit (node:events:536:35)
              at onFinish (node:_http_outgoing:1031:10)
              at callback (node:internal/streams/writable:766:21)
              at afterWrite (node:internal/streams/writable:710:5)
              at afterWriteTick (node:internal/streams/writable:696:10)
              at processTicksAndRejections (node:internal/process/task_queues:81:21)
    }
····[03:13:59.550] [32mINFO[39m (7904): [36mSkipping provider that cannot satisfy the current request[39m
    [35mprovider[39m: "gemini"
    [35mrequireTools[39m: true
    [35mreason[39m: "no_tool_support"
[03:13:59.551] [32mINFO[39m (7904): [36mprovider selection complete[39m
    [35mscope[39m: "provider-selection"
    [35maction[39m: "collect_available_providers"
    [35mqualityProfile[39m: null
    [35mrequireTools[39m: true
    [35mavailable[39m: []
    [35mskipped[39m: [
      {
        "provider": "openrouter",
        "reason": "no_api_key"
      },
      {
        "provider": "gemini",
        "reason": "no_tool_support"
      },
      {
        "provider": "deepseek",
        "reason": "no_api_key"
      },
      {
        "provider": "groq",
        "reason": "no_api_key"
      }
    ]
[03:13:59.551] [32mINFO[39m (7904): [36mno provider available[39m
    [35mscope[39m: "provider-selection"
    [35maction[39m: "resolve_provider"
    [35mselected[39m: null
    [35mrequireTools[39m: true
    [35mqualityProfile[39m: null
···

⎯⎯⎯⎯⎯⎯ Failed Tests 11 ⎯⎯⎯⎯⎯⎯⎯

 FAIL  src/routes/ai.test.ts > POST /api/ai/chat > does not consume a proposal when behavioral verification blocks the write
AssertionError: expected 500 to be 207 // Object.is equality

- Expected
+ Received

- 207
+ 500

 ❯ src/routes/ai.test.ts:884:28
    882|     try {
    883|       const first = await request(app).post("/api/ai/chat/apply-change…
    884|       expect(first.status).toBe(207);
       |                            ^
    885|       expect(first.body.results[0]).toMatchObject({
    886|         ok: false,

⎯⎯⎯⎯⎯⎯⎯⎯⎯⎯⎯⎯⎯⎯⎯⎯⎯⎯⎯⎯⎯⎯⎯[1/11]⎯

 FAIL  src/routes/ai.test.ts > POST /api/ai/chat/apply-changes > emits a warning AiChangesApplied event when no file can be written
AssertionError: expected 500 to be 207 // Object.is equality

- Expected
+ Received

- 207
+ 500

 ❯ src/routes/ai.test.ts:2915:24
    2913|         changes: proposalChanges,
    2914|       });
    2915|     expect(res.status).toBe(207);
       |                        ^
    2916|     expect(res.body.results).toHaveLength(1);
    2917|     expect(res.body.results[0].ok).toBe(false);

⎯⎯⎯⎯⎯⎯⎯⎯⎯⎯⎯⎯⎯⎯⎯⎯⎯⎯⎯⎯⎯⎯⎯[2/11]⎯

 FAIL  src/routes/ai.test.ts > POST /api/ai/chat/apply-changes > does not promote a candidate when behavioral verification is unavailable
AssertionError: expected 500 to be 207 // Object.is equality

- Expected
+ Received

- 207
+ 500

 ❯ src/routes/ai.test.ts:2964:24
    2962|         changes: proposalChanges,
    2963|       });
    2964|     expect(res.status).toBe(207);
       |                        ^
    2965|     expect(res.body.results).toHaveLength(1);
    2966|     expect(res.body.results[0]).toMatchObject({

⎯⎯⎯⎯⎯⎯⎯⎯⎯⎯⎯⎯⎯⎯⎯⎯⎯⎯⎯⎯⎯⎯⎯[3/11]⎯

 FAIL  src/routes/ai.test.ts > POST /api/ai/chat/apply-changes > fails closed before promotion when behavioral verification is unavailable
AssertionError: expected 500 to be 207 // Object.is equality

- Expected
+ Received

- 207
+ 500

 ❯ src/routes/ai.test.ts:3028:26
    3026|         });
    3027|
    3028|       expect(res.status).toBe(207);
       |                          ^
    3029|       expect(res.body).toMatchObject({
    3030|         applyStatus: "BLOCKED",

⎯⎯⎯⎯⎯⎯⎯⎯⎯⎯⎯⎯⎯⎯⎯⎯⎯⎯⎯⎯⎯⎯⎯[4/11]⎯

 FAIL  src/routes/ai.test.ts > POST /api/ai/chat/apply-changes > blocks a destructive source-file replacement and leaves the original intact
AssertionError: expected 500 to be 207 // Object.is equality

- Expected
+ Received

- 207
+ 500

 ❯ src/routes/ai.test.ts:3121:26
    3119|         });
    3120|
    3121|       expect(res.status).toBe(207);
       |                          ^
    3122|       expect(res.body.results[0].ok).toBe(false);
    3123|       expect(res.body.results[0].error).toContain("destructive");

⎯⎯⎯⎯⎯⎯⎯⎯⎯⎯⎯⎯⎯⎯⎯⎯⎯⎯⎯⎯⎯⎯⎯[5/11]⎯

 FAIL  src/routes/ai.test.ts > POST /api/ai/chat/apply-changes > does not partially apply a safe sibling when another change is destructive
AssertionError: expected 500 to be 207 // Object.is equality

- Expected
+ Received

- 207
+ 500

 ❯ src/routes/ai.test.ts:3185:26
    3183|         });
    3184|
    3185|       expect(res.status).toBe(207);
       |                          ^
    3186|       expect(res.body.results.every((result: { ok: boolean }) => !resu…
    3187|       expect(await fs.readFile(dangerousPath, "utf-8")).toBe(original);

⎯⎯⎯⎯⎯⎯⎯⎯⎯⎯⎯⎯⎯⎯⎯⎯⎯⎯⎯⎯⎯⎯⎯[6/11]⎯

 FAIL  src/routes/ai.test.ts > POST /api/ai/chat/apply-changes > rejects applying a pending change when the file changed after proposal
AssertionError: expected 500 to be 207 // Object.is equality

- Expected
+ Received

- 207
+ 500

 ❯ src/routes/ai.test.ts:3232:26
    3230|           }],
    3231|         });
    3232|       expect(res.status).toBe(207);
       |                          ^
    3233|       expect(res.body.results[0].ok).toBe(false);
    3234|       expect(res.body.results[0].error).toContain("changed after");

⎯⎯⎯⎯⎯⎯⎯⎯⎯⎯⎯⎯⎯⎯⎯⎯⎯⎯⎯⎯⎯⎯⎯[7/11]⎯

 FAIL  src/routes/ai.test.ts > POST /api/ai/chat/apply-changes > returns a base-hash conflict and never writes a stale patch
AssertionError: expected 500 to be 207 // Object.is equality

- Expected
+ Received

- 207
+ 500

 ❯ src/routes/ai.test.ts:3279:26
    3277|         .send({ projectId: id, proposalId, changes: proposalChanges });
    3278|
    3279|       expect(res.status).toBe(207);
       |                          ^
    3280|       expect(res.body.results[0]).toMatchObject({
    3281|         ok: false,

⎯⎯⎯⎯⎯⎯⎯⎯⎯⎯⎯⎯⎯⎯⎯⎯⎯⎯⎯⎯⎯⎯⎯[8/11]⎯

 FAIL  src/routes/ai.test.ts > POST /api/ai/chat/apply-changes > aborts the whole batch when one accepted change has a stale base
AssertionError: expected 500 to be 207 // Object.is equality

- Expected
+ Received

- 207
+ 500

 ❯ src/routes/ai.test.ts:3347:26
    3345|         .send({ projectId: id, proposalId, changes: proposalChanges });
    3346|
    3347|       expect(res.status).toBe(207);
       |                          ^
    3348|       const staleResult = res.body.results.find((result: { path: strin…
    3349|       const validResult = res.body.results.find((result: { path: strin…

⎯⎯⎯⎯⎯⎯⎯⎯⎯⎯⎯⎯⎯⎯⎯⎯⎯⎯⎯⎯⎯⎯⎯[9/11]⎯

 FAIL  src/routes/ai.test.ts > POST /api/ai/chat/apply-changes > returns a hunk conflict even when the submitted base hash is current
AssertionError: expected 500 to be 207 // Object.is equality

- Expected
+ Received

- 207
+ 500

 ❯ src/routes/ai.test.ts:3409:26
    3407|         .send({ projectId: id, proposalId, changes: proposalChanges });
    3408|
    3409|       expect(res.status).toBe(207);
       |                          ^
    3410|       expect(res.body.results[0]).toMatchObject({
    3411|         ok: false,

⎯⎯⎯⎯⎯⎯⎯⎯⎯⎯⎯⎯⎯⎯⎯⎯⎯⎯⎯⎯⎯⎯[10/11]⎯

 FAIL  src/routes/ai.test.ts > POST /api/ai/chat/apply-changes > applies a partial hunk selection — only accepted hunks are written via rebase
AssertionError: expected 500 to be 200 // Object.is equality

- Expected
+ Received

- 200
+ 500

 ❯ src/routes/ai.test.ts:3500:26
    3498|
    3499|       // allOk=true → 200; 207 is for partial success only.
    3500|       expect(res.status).toBe(200);
       |                          ^
    3501|       expect(res.body.results[0]).toMatchObject({ ok: true });
    3502|       // Only the first hunk (a→10) was applied; b stays at 2.

⎯⎯⎯⎯⎯⎯⎯⎯⎯⎯⎯⎯⎯⎯⎯⎯⎯⎯⎯⎯⎯⎯[11/11]⎯


 Test Files  1 failed | 1 passed (2)
      Tests  11 failed | 119 passed (130)
   Start at  03:13:46
   Duration  13.30s (transform 3.06s, setup 0ms, import 4.46s, tests 8.58s, environment 0ms)

undefined
/home/runner/workspace/artifacts/api-server:
 ERR_PNPM_RECURSIVE_EXEC_FIRST_FAIL  Command failed with exit code 1: vitest run src/routes/ai-route-parity.test.ts src/routes/ai.test.ts --reporter=dot
